cellid,spikes_ 1,spikes_ 2,spikes_ 3,spikes_ 4,spikes_ 5,spikes_ 6,spikes_ 7,spikes_ 8,spikes_ 9,spikes_10,spikes_11,spikes_12,spikes_13,spikes_14,spikes_15,spikes_16,spikes_17,spikes_18,spikes_19,spikes_20,spikes_21,spikes_22,spikes_23,spikes_24,spikes_25,spikes_26,spikes_27,spikes_28,level_ 1,level_ 2,level_ 3,level_ 4,level_ 5,level_ 6,level_ 7,level_ 8,level_ 9,level_10,level_11,level_12,level_13,level_14,level_15,level_16,level_17,level_18,level_19,level_20,level_21,level_22,level_23,level_24,level_25,level_26,level_27,level_28,pupil_ 1,pupil_ 2,pupil_ 3,pupil_ 4,pupil_ 5,pupil_ 6,pupil_ 7,pupil_ 8,pupil_ 9,pupil_10,pupil_11,pupil_12,pupil_13,pupil_14,pupil_15,pupil_16,pupil_17,pupil_18,pupil_19,pupil_20,pupil_21,pupil_22,pupil_23,pupil_24,pupil_25,pupil_26,pupil_27,pupil_28,spont_ 1,spont_ 2,spont_ 3,spont_ 4,spont_ 5,spont_ 6,spont_ 7,spont_ 8,spont_ 9,spont_10,spont_11,spont_12,spont_13,spont_14,spont_15,spont_16,spont_17,spont_18,spont_19,spont_20,spont_21,spont_22,spont_23,spont_24,spont_25,spont_26,spont_27,spont_28
BOL005c-04-1,13.0630630630631,12.280701754386,5.43478260869565,6.80272108843537,3.54609929078014,4.34782608695652,4.47154471544715,18.5606060606061,15.6818181818182,10.2380952380952,8.58585858585858,6.19047619047619,2.47619047619048,2.91666666666667,,,,,,,,,,,,,,,65,55,45,35,25,15,5,65,55,45,35,25,15,5,,,,,,,,,,,,,,,1,1,1,1,1,1,1,2,2,2,2,2,2,2,,,,,,,,,,,,,,,2.1505376344086,2.1505376344086,2.1505376344086,2.1505376344086,2.1505376344086,2.1505376344086,2.1505376344086,3.7222286844248,3.7222286844248,3.7222286844248,3.7222286844248,3.7222286844248,3.7222286844248,3.7222286844248,,,,,,,,,,,,,,
BOL005c-06-1,0.793650793650794,0,1.16279069767442,0,0,0,0,0,1.02040816326531,2.5,0.900900900900901,0.43859649122807,0.462962962962963,0.980392156862745,,,,,,,,,,,,,,,65,55,45,35,25,15,5,65,55,45,35,25,15,5,,,,,,,,,,,,,,,1,1,1,1,1,1,1,2,2,2,2,2,2,2,,,,,,,,,,,,,,,0.575495986672725,0.575495986672725,0.575495986672725,0.575495986672725,0.575495986672725,0.575495986672725,0.575495986672725,0.74444573688496,0.74444573688496,0.74444573688496,0.74444573688496,0.74444573688496,0.74444573688496,0.74444573688496,,,,,,,,,,,,,,
BOL005c-09-1,1.35135135135135,2.63157894736842,1.08695652173913,1.36054421768708,0.709219858156028,0.36231884057971,0.40650406504065,0,0.378787878787879,2.85714285714286,1.11111111111111,0.952380952380952,0.476190476190476,0,,,,,,,,,,,,,,,65,55,45,35,25,15,5,65,55,45,35,25,15,5,,,,,,,,,,,,,,,1,1,1,1,1,1,1,2,2,2,2,2,2,2,,,,,,,,,,,,,,,0.75723156141148,0.75723156141148,0.75723156141148,0.75723156141148,0.75723156141148,0.75723156141148,0.75723156141148,0.79097359544027,0.79097359544027,0.79097359544027,0.79097359544027,0.79097359544027,0.79097359544027,0.79097359544027,,,,,,,,,,,,,,
BOL005c-10-1,0.833333333333333,1.6260162601626,2.38095238095238,2.31481481481481,0,2.08333333333333,0.87719298245614,0,0.833333333333333,0.854700854700855,0.378787878787879,0.952380952380952,0,1.55038759689922,,,,,,,,,,,,,,,65,55,45,35,25,15,5,65,55,45,35,25,15,5,,,,,,,,,,,,,,,1,1,1,1,1,1,1,2,2,2,2,2,2,2,,,,,,,,,,,,,,,2.63516583371195,2.63516583371195,2.63516583371195,2.63516583371195,2.63516583371195,2.63516583371195,2.63516583371195,3.16389438176108,3.16389438176108,3.16389438176108,3.16389438176108,3.16389438176108,3.16389438176108,3.16389438176108,,,,,,,,,,,,,,
BOL005c-13-1,16.2162162162162,18.0701754385965,18.1159420289855,19.3877551020408,12.9432624113475,11.5942028985507,15.4471544715447,20.0757575757576,19.7727272727273,21.4285714285714,16.8686868686869,12.8571428571429,22.4761904761905,17.0833333333333,,,,,,,,,,,,,,,65,55,45,35,25,15,5,65,55,45,35,25,15,5,,,,,,,,,,,,,,,1,1,1,1,1,1,1,2,2,2,2,2,2,2,,,,,,,,,,,,,,,16.7196728759655,16.7196728759655,16.7196728759655,16.7196728759655,16.7196728759655,16.7196728759655,16.7196728759655,19.2509014772595,19.2509014772595,19.2509014772595,19.2509014772595,19.2509014772595,19.2509014772595,19.2509014772595,,,,,,,,,,,,,,
BOL005c-18-1,22.0930232558139,20,20.3418803418803,18.6046511627907,10.0694444444444,6.2962962962963,7.20720720720721,17.1171171171171,14.247311827957,11.9918699186992,15.3846153846154,9.5959595959596,8.54700854700855,6.81818181818182,,,,,,,,,,,,,,,65,55,45,35,25,15,5,65,55,45,35,25,15,5,,,,,,,,,,,,,,,1,1,1,1,1,1,1,2,2,2,2,2,2,2,,,,,,,,,,,,,,,6.39103437831289,6.39103437831289,6.39103437831289,6.39103437831289,6.39103437831289,6.39103437831289,6.39103437831289,7.01407467721298,7.01407467721298,7.01407467721298,7.01407467721298,7.01407467721298,7.01407467721298,7.01407467721298,,,,,,,,,,,,,,
BOL005c-25-1,9.30232558139535,13.3333333333333,17.2649572649573,17.4418604651163,13.5416666666667,12.962962962963,10.3603603603604,9.45945945945946,8.87096774193548,11.7886178861789,16.8803418803419,13.1313131313131,15.6837606837607,12.5,,,,,,,,,,,,,,,65,55,45,35,25,15,5,65,55,45,35,25,15,5,,,,,,,,,,,,,,,1,1,1,1,1,1,1,2,2,2,2,2,2,2,,,,,,,,,,,,,,,15.9018627896411,15.9018627896411,15.9018627896411,15.9018627896411,15.9018627896411,15.9018627896411,15.9018627896411,17.4014190996859,17.4014190996859,17.4014190996859,17.4014190996859,17.4014190996859,17.4014190996859,17.4014190996859,,,,,,,,,,,,,,
BOL005c-27-1,20.2702702702703,14.1228070175439,14.8550724637681,20.0680272108844,17.3758865248227,8.33333333333333,13.0081300813008,24.2424242424242,19.3939393939394,16.9047619047619,21.3131313131313,20.4761904761905,13.9047619047619,14.1666666666667,,,,,,,,,,,,,,,65,55,45,35,25,15,5,65,55,45,35,25,15,5,,,,,,,,,,,,,,,1,1,1,1,1,1,1,2,2,2,2,2,2,2,,,,,,,,,,,,,,,11.9188247766167,11.9188247766167,11.9188247766167,11.9188247766167,11.9188247766167,11.9188247766167,11.9188247766167,12.9696405722927,12.9696405722927,12.9696405722927,12.9696405722927,12.9696405722927,12.9696405722927,12.9696405722927,,,,,,,,,,,,,,
BOL005c-33-1,3.96825396825397,1.51515151515152,3.10077519379845,1.93798449612403,1.93798449612403,3.40909090909091,2.53623188405797,2.13675213675214,1.36054421768708,1.66666666666667,0.900900900900901,1.31578947368421,1.85185185185185,2.45098039215686,,,,,,,,,,,,,,,65,55,45,35,25,15,5,65,55,45,35,25,15,5,,,,,,,,,,,,,,,1,1,1,1,1,1,1,2,2,2,2,2,2,2,,,,,,,,,,,,,,,1.8930789035287,1.8930789035287,1.8930789035287,1.8930789035287,1.8930789035287,1.8930789035287,1.8930789035287,2.25660113993253,2.25660113993253,2.25660113993253,2.25660113993253,2.25660113993253,2.25660113993253,2.25660113993253,,,,,,,,,,,,,,
BOL005c-34-1,4.76190476190476,1.16279069767442,0,1.16279069767442,2.25225225225225,0,0,1.70940170940171,2.13675213675214,4.3010752688172,1.70940170940171,1.11111111111111,0.396825396825397,0,,,,,,,,,,,,,,,65,55,45,35,25,15,5,65,55,45,35,25,15,5,,,,,,,,,,,,,,,1,1,1,1,1,1,1,2,2,2,2,2,2,2,,,,,,,,,,,,,,,1.42359533545358,1.42359533545358,1.42359533545358,1.42359533545358,1.42359533545358,1.42359533545358,1.42359533545358,1.12830056996627,1.12830056996627,1.12830056996627,1.12830056996627,1.12830056996627,1.12830056996627,1.12830056996627,,,,,,,,,,,,,,
BOL005c-37-1,1.35135135135135,2.19298245614035,3.98550724637681,2.72108843537415,2.4822695035461,3.98550724637681,1.6260162601626,3.03030303030303,3.86363636363636,3.80952380952381,5.55555555555556,1.9047619047619,2.38095238095238,2.08333333333333,,,,,,,,,,,,,,,65,55,45,35,25,15,5,65,55,45,35,25,15,5,,,,,,,,,,,,,,,1,1,1,1,1,1,1,2,2,2,2,2,2,2,,,,,,,,,,,,,,,0.969256398606694,0.969256398606694,0.969256398606694,0.969256398606694,0.969256398606694,0.969256398606694,0.969256398606694,1.03524485285565,1.03524485285565,1.03524485285565,1.03524485285565,1.03524485285565,1.03524485285565,1.03524485285565,,,,,,,,,,,,,,
BOL005c-44-1,38.2882882882883,47.9824561403509,51.4492753623188,49.3197278911565,27.3049645390071,18.1159420289855,15.8536585365854,45.8333333333333,68.4848484848485,65.9523809523809,63.3333333333333,33.8095238095238,22.8571428571429,24.5833333333333,,,,,,,,,,,,,,,65,55,45,35,25,15,5,65,55,45,35,25,15,5,,,,,,,,,,,,,,,1,1,1,1,1,1,1,2,2,2,2,2,2,2,,,,,,,,,,,,,,,11.5553536271392,11.5553536271392,11.5553536271392,11.5553536271392,11.5553536271392,11.5553536271392,11.5553536271392,16.3894381761079,16.3894381761079,16.3894381761079,16.3894381761079,16.3894381761079,16.3894381761079,16.3894381761079,,,,,,,,,,,,,,
BOL005c-48-1,1.58730158730159,0.505050505050505,1.16279069767442,0,0.387596899224806,0.378787878787879,0.36231884057971,1.28205128205128,0.680272108843538,1.25,0.45045045045045,0,0.462962962962963,0,,,,,,,,,,,,,,,65,55,45,35,25,15,5,65,55,45,35,25,15,5,,,,,,,,,,,,,,,1,1,1,1,1,1,1,2,2,2,2,2,2,2,,,,,,,,,,,,,,,0.318037255792821,0.318037255792821,0.318037255792821,0.318037255792821,0.318037255792821,0.318037255792821,0.318037255792821,0.244271257415377,0.244271257415377,0.244271257415377,0.244271257415377,0.244271257415377,0.244271257415377,0.244271257415377,,,,,,,,,,,,,,
BOL006b-02-1,0,0,0.40650406504065,0.396825396825397,0,0.387596899224806,0.833333333333333,0.396825396825397,0.378787878787879,0.946969696969697,0,0.40650406504065,0.427350427350427,0.396825396825397,,,,,,,,,,,,,,,65,55,45,35,25,15,5,65,55,45,35,25,15,5,,,,,,,,,,,,,,,1,1,1,1,1,1,1,2,2,2,2,2,2,2,,,,,,,,,,,,,,,1.32519163310381,1.32519163310381,1.32519163310381,1.32519163310381,1.32519163310381,1.32519163310381,1.32519163310381,0.613088098094096,0.613088098094096,0.613088098094096,0.613088098094096,0.613088098094096,0.613088098094096,0.613088098094096,,,,,,,,,,,,,,
BOL006b-07-1,0,0,0,0,0,0,0,0,0,0,0,0,0,0,,,,,,,,,,,,,,,65,55,45,35,25,15,5,65,55,45,35,25,15,5,,,,,,,,,,,,,,,1,1,1,1,1,1,1,2,2,2,2,2,2,2,,,,,,,,,,,,,,,0.103936598674808,0.103936598674808,0.103936598674808,0.103936598674808,0.103936598674808,0.103936598674808,0.103936598674808,0.0799680127948821,0.0799680127948821,0.0799680127948821,0.0799680127948821,0.0799680127948821,0.0799680127948821,0.0799680127948821,,,,,,,,,,,,,,
BOL006b-11-1,0,0,0,0,0,0,0,0,0,0,0,0,0,0,,,,,,,,,,,,,,,65,55,45,35,25,15,5,65,55,45,35,25,15,5,,,,,,,,,,,,,,,1,1,1,1,1,1,1,2,2,2,2,2,2,2,,,,,,,,,,,,,,,0.194881122515266,0.194881122515266,0.194881122515266,0.194881122515266,0.194881122515266,0.194881122515266,0.194881122515266,0.0533120085299214,0.0533120085299214,0.0533120085299214,0.0533120085299214,0.0533120085299214,0.0533120085299214,0.0533120085299214,,,,,,,,,,,,,,
BOL006b-13-1,0,0,0,0,0,0,0,0,0,0,0,0,0,0,,,,,,,,,,,,,,,65,55,45,35,25,15,5,65,55,45,35,25,15,5,,,,,,,,,,,,,,,1,1,1,1,1,1,1,2,2,2,2,2,2,2,,,,,,,,,,,,,,,0.116928673509159,0.116928673509159,0.116928673509159,0.116928673509159,0.116928673509159,0.116928673509159,0.116928673509159,0,0,0,0,0,0,0,,,,,,,,,,,,,,
BOL006b-16-1,52.25,14.3518518518519,12.719298245614,4.7008547008547,6.09756097560976,5.4054054054054,2.63157894736842,52.6515151515152,17.8030303030303,16.6666666666667,11.6279069767442,7.31707317073171,7.36434108527132,3.48837209302326,,,,,,,,,,,,,,,65,55,45,35,25,15,5,65,55,45,35,25,15,5,,,,,,,,,,,,,,,1,1,1,1,1,1,1,2,2,2,2,2,2,2,,,,,,,,,,,,,,,0.24684942185267,0.24684942185267,0.24684942185267,0.24684942185267,0.24684942185267,0.24684942185267,0.24684942185267,0.413168066106891,0.413168066106891,0.413168066106891,0.413168066106891,0.413168066106891,0.413168066106891,0.413168066106891,,,,,,,,,,,,,,
BOL006b-18-1,2.77777777777778,0.775193798449612,0.40650406504065,0.45045045045045,0.740740740740741,0.833333333333333,0.416666666666667,5.3921568627451,1.19047619047619,0.775193798449612,0.87719298245614,1.01010101010101,0.40650406504065,0.900900900900901,,,,,,,,,,,,,,,65,55,45,35,25,15,5,65,55,45,35,25,15,5,,,,,,,,,,,,,,,1,1,1,1,1,1,1,2,2,2,2,2,2,2,,,,,,,,,,,,,,,0.0649603741717552,0.0649603741717552,0.0649603741717552,0.0649603741717552,0.0649603741717552,0.0649603741717552,0.0649603741717552,0.0799680127948821,0.0799680127948821,0.0799680127948821,0.0799680127948821,0.0799680127948821,0.0799680127948821,0.0799680127948821,,,,,,,,,,,,,,
BOL006b-18-2,37.3684210526316,47.8174603174603,45.2898550724638,48.8095238095238,25.1851851851852,36.8468468468469,40.1709401709402,38.8888888888889,56.0416666666667,56.4864864864865,53.2624113475177,35.4054054054054,29.4444444444444,47.7477477477478,,,,,,,,,,,,,,,65,55,45,35,25,15,5,65,55,45,35,25,15,5,,,,,,,,,,,,,,,1,1,1,1,1,1,1,2,2,2,2,2,2,2,,,,,,,,,,,,,,,13.1479797323633,13.1479797323633,13.1479797323633,13.1479797323633,13.1479797323633,13.1479797323633,13.1479797323633,19.9253631880581,19.9253631880581,19.9253631880581,19.9253631880581,19.9253631880581,19.9253631880581,19.9253631880581,,,,,,,,,,,,,,
BOL006b-20-1,0.900900900900901,0.740740740740741,1.33333333333333,0.87719298245614,2.45098039215686,16.8803418803419,11.965811965812,0,1.35135135135135,1.01010101010101,2.65151515151515,2.12765957446809,11.5384615384615,10,,,,,,,,,,,,,,,65,55,45,35,25,15,5,65,55,45,35,25,15,5,,,,,,,,,,,,,,,1,1,1,1,1,1,1,2,2,2,2,2,2,2,,,,,,,,,,,,,,,25.1396648044693,25.1396648044693,25.1396648044693,25.1396648044693,25.1396648044693,25.1396648044693,25.1396648044693,30.9742769558843,30.9742769558843,30.9742769558843,30.9742769558843,30.9742769558843,30.9742769558843,30.9742769558843,,,,,,,,,,,,,,
BOL006b-21-1,90.9009009009009,70.3703703703704,56.8666666666667,37.9385964912281,44.1176470588235,27.3931623931624,21.7948717948718,105.797101449275,81.0810810810811,66.4141414141414,54.9242424242424,51.7730496453901,41.025641025641,38.9259259259259,,,,,,,,,,,,,,,65,55,45,35,25,15,5,65,55,45,35,25,15,5,,,,,,,,,,,,,,,1,1,1,1,1,1,1,2,2,2,2,2,2,2,,,,,,,,,,,,,,,13.7196310250747,13.7196310250747,13.7196310250747,13.7196310250747,13.7196310250747,13.7196310250747,13.7196310250747,28.2153805144609,28.2153805144609,28.2153805144609,28.2153805144609,28.2153805144609,28.2153805144609,28.2153805144609,,,,,,,,,,,,,,
BOL006b-22-1,1.19047619047619,0.775193798449612,2.03252032520325,5.85585585585586,14.8148148148148,13.3333333333333,16.0416666666667,0,1.58730158730159,2.90697674418605,7.54385964912281,15.1515151515152,16.6666666666667,16.6666666666667,,,,,,,,,,,,,,,65,55,45,35,25,15,5,65,55,45,35,25,15,5,,,,,,,,,,,,,,,1,1,1,1,1,1,1,2,2,2,2,2,2,2,,,,,,,,,,,,,,,25.2695855528128,25.2695855528128,25.2695855528128,25.2695855528128,25.2695855528128,25.2695855528128,25.2695855528128,29.3482606957217,29.3482606957217,29.3482606957217,29.3482606957217,29.3482606957217,29.3482606957217,29.3482606957217,,,,,,,,,,,,,,
BOL006b-24-1,0,0,0.925925925925926,0,1.58730158730159,1.42857142857143,0.378787878787879,0.40650406504065,0.694444444444445,0.740740740740741,2.72108843537415,0,0.378787878787879,1.31578947368421,,,,,,,,,,,,,,,65,55,45,35,25,15,5,65,55,45,35,25,15,5,,,,,,,,,,,,,,,1,1,1,1,1,1,1,2,2,2,2,2,2,2,,,,,,,,,,,,,,,2.03975574899311,2.03975574899311,2.03975574899311,2.03975574899311,2.03975574899311,2.03975574899311,2.03975574899311,3.17206450753032,3.17206450753032,3.17206450753032,3.17206450753032,3.17206450753032,3.17206450753032,3.17206450753032,,,,,,,,,,,,,,
BOL006b-30-1,0.793650793650794,1.55038759689922,1.6260162601626,3.6036036036036,1.11111111111111,0.416666666666667,0.416666666666667,0,1.19047619047619,2.32558139534884,1.75438596491228,0,0,0,,,,,,,,,,,,,,,65,55,45,35,25,15,5,65,55,45,35,25,15,5,,,,,,,,,,,,,,,1,1,1,1,1,1,1,2,2,2,2,2,2,2,,,,,,,,,,,,,,,0.0519682993374042,0.0519682993374042,0.0519682993374042,0.0519682993374042,0.0519682993374042,0.0519682993374042,0.0519682993374042,0.133280021324803,0.133280021324803,0.133280021324803,0.133280021324803,0.133280021324803,0.133280021324803,0.133280021324803,,,,,,,,,,,,,,
BOL006b-34-1,0.87719298245614,0.490196078431373,0.40650406504065,0.793650793650794,0.427350427350427,0.775193798449612,0.416666666666667,2.77777777777778,1.51515151515152,3.03030303030303,1.66666666666667,0.813008130081301,1.70940170940171,0.793650793650794,,,,,,,,,,,,,,,65,55,45,35,25,15,5,65,55,45,35,25,15,5,,,,,,,,,,,,,,,1,1,1,1,1,1,1,2,2,2,2,2,2,2,,,,,,,,,,,,,,,2.19566064700533,2.19566064700533,2.19566064700533,2.19566064700533,2.19566064700533,2.19566064700533,2.19566064700533,2.09249633479941,2.09249633479941,2.09249633479941,2.09249633479941,2.09249633479941,2.09249633479941,2.09249633479941,,,,,,,,,,,,,,
BOL006b-36-1,4.82456140350877,17.4603174603175,12.6126126126126,14.2735042735043,24.7967479674797,7.72357723577236,8.94308943089431,6.81818181818182,11.7521367521368,9.84848484848485,12.3015873015873,23.6434108527132,6.25,6.50406504065041,,,,,,,,,,,,,,,65,55,45,35,25,15,5,65,55,45,35,25,15,5,,,,,,,,,,,,,,,1,1,1,1,1,1,1,2,2,2,2,2,2,2,,,,,,,,,,,,,,,6.846823437703,6.846823437703,6.846823437703,6.846823437703,6.846823437703,6.846823437703,6.846823437703,5.03798480607757,5.03798480607757,5.03798480607757,5.03798480607757,5.03798480607757,5.03798480607757,5.03798480607757,,,,,,,,,,,,,,
BOL006b-37-1,3.94736842105263,6.86274509803922,16.4227642276423,21.1507936507936,23.9316239316239,8.91472868217054,12.0833333333333,6.74603174603175,7.72727272727273,15.3030303030303,16.6666666666667,28.0487804878049,14.5299145299145,9.92063492063492,,,,,,,,,,,,,,,65,55,45,35,25,15,5,65,55,45,35,25,15,5,,,,,,,,,,,,,,,1,1,1,1,1,1,1,2,2,2,2,2,2,2,,,,,,,,,,,,,,,9.52319085357932,9.52319085357932,9.52319085357932,9.52319085357932,9.52319085357932,9.52319085357932,9.52319085357932,11.8885779021725,11.8885779021725,11.8885779021725,11.8885779021725,11.8885779021725,11.8885779021725,11.8885779021725,,,,,,,,,,,,,,
BOL006b-42-1,17.1052631578947,16.6666666666667,16.0162601626016,17.5396825396825,16.2393162393162,8.91472868217054,11.3333333333333,13.4920634920635,19.5454545454545,18.6363636363636,15.8333333333333,16.6666666666667,13.4615384615385,9.12698412698413,,,,,,,,,,,,,,,65,55,45,35,25,15,5,65,55,45,35,25,15,5,,,,,,,,,,,,,,,1,1,1,1,1,1,1,2,2,2,2,2,2,2,,,,,,,,,,,,,,,10.8873587111862,10.8873587111862,10.8873587111862,10.8873587111862,10.8873587111862,10.8873587111862,10.8873587111862,9.54284952685592,9.54284952685592,9.54284952685592,9.54284952685592,9.54284952685592,9.54284952685592,9.54284952685592,,,,,,,,,,,,,,
BOL006b-43-1,15,15.8730158730159,9.42028985507246,18.0952380952381,10.7407407407407,5.58558558558559,19.6581196581197,8.11965811965812,15.8333333333333,13.5135135135135,17.7304964539007,9.90990990990991,5.55555555555556,14.8648648648649,,,,,,,,,,,,,,,65,55,45,35,25,15,5,65,55,45,35,25,15,5,,,,,,,,,,,,,,,1,1,1,1,1,1,1,2,2,2,2,2,2,2,,,,,,,,,,,,,,,0.818500714564116,0.818500714564116,0.818500714564116,0.818500714564116,0.818500714564116,0.818500714564116,0.818500714564116,0.519792083166733,0.519792083166733,0.519792083166733,0.519792083166733,0.519792083166733,0.519792083166733,0.519792083166733,,,,,,,,,,,,,,
BOL006b-44-1,44.2982456140351,57.843137254902,64.4715447154472,81.984126984127,69.2307692307692,28.2945736434109,26.8333333333333,35.3174603174603,56.5151515151515,75.1136363636364,80.4166666666667,69.5121951219512,30.7692307692308,26.984126984127,,,,,,,,,,,,,,,65,55,45,35,25,15,5,65,55,45,35,25,15,5,,,,,,,,,,,,,,,1,1,1,1,1,1,1,2,2,2,2,2,2,2,,,,,,,,,,,,,,,16.9286735091594,16.9286735091594,16.9286735091594,16.9286735091594,16.9286735091594,16.9286735091594,16.9286735091594,16.8865787018526,16.8865787018526,16.8865787018526,16.8865787018526,16.8865787018526,16.8865787018526,16.8865787018526,,,,,,,,,,,,,,
BOL006b-48-1,59.6396396396396,75.1851851851852,67.5,75.1754385964912,48.0392156862745,32.6068376068376,24.7863247863248,63.768115942029,77.027027027027,69.4444444444444,75.3787878787879,55.1418439716312,29.0598290598291,29.0740740740741,,,,,,,,,,,,,,,65,55,45,35,25,15,5,65,55,45,35,25,15,5,,,,,,,,,,,,,,,1,1,1,1,1,1,1,2,2,2,2,2,2,2,,,,,,,,,,,,,,,22.5152656879304,22.5152656879304,22.5152656879304,22.5152656879304,22.5152656879304,22.5152656879304,22.5152656879304,23.1907237105158,23.1907237105158,23.1907237105158,23.1907237105158,23.1907237105158,23.1907237105158,23.1907237105158,,,,,,,,,,,,,,
BOL006b-55-1,21.4285714285714,22.8682170542636,26.4227642276423,31.981981981982,31.8518518518519,19.5833333333333,11.875,20.5882352941176,27.5793650793651,37.5581395348837,23.3333333333333,34.5959595959596,19.1056910569106,16.6666666666667,,,,,,,,,,,,,,,65,55,45,35,25,15,5,65,55,45,35,25,15,5,,,,,,,,,,,,,,,1,1,1,1,1,1,1,2,2,2,2,2,2,2,,,,,,,,,,,,,,,20.5794465376121,20.5794465376121,20.5794465376121,20.5794465376121,20.5794465376121,20.5794465376121,20.5794465376121,25.7630281220845,25.7630281220845,25.7630281220845,25.7630281220845,25.7630281220845,25.7630281220845,25.7630281220845,,,,,,,,,,,,,,
BOL006b-58-1,6.66666666666667,11.4166666666667,4.16666666666667,7.61904761904762,13.0952380952381,5.55555555555556,9.05797101449276,4.3859649122807,9.52380952380952,5.41666666666667,4.86111111111111,9.25925925925926,11.4285714285714,8.7719298245614,,,,,,,,,,,,,,,65,55,45,35,25,15,5,65,55,45,35,25,15,5,,,,,,,,,,,,,,,1,1,1,1,1,1,1,2,2,2,2,2,2,2,,,,,,,,,,,,,,,5.13186955956866,5.13186955956866,5.13186955956866,5.13186955956866,5.13186955956866,5.13186955956866,5.13186955956866,4.37158469945355,4.37158469945355,4.37158469945355,4.37158469945355,4.37158469945355,4.37158469945355,4.37158469945355,,,,,,,,,,,,,,
BOL006b-58-2,66.3063063063063,46.2962962962963,56.2,57.6315789473684,55.8823529411765,18.3760683760684,19.6581196581197,79.7101449275362,55.4054054054054,53.5353535353535,65.530303030303,67.7304964539007,23.5042735042735,32.1481481481482,,,,,,,,,,,,,,,65,55,45,35,25,15,5,65,55,45,35,25,15,5,,,,,,,,,,,,,,,1,1,1,1,1,1,1,2,2,2,2,2,2,2,,,,,,,,,,,,,,,3.42990775626868,3.42990775626868,3.42990775626868,3.42990775626868,3.42990775626868,3.42990775626868,3.42990775626868,5.69105691056911,5.69105691056911,5.69105691056911,5.69105691056911,5.69105691056911,5.69105691056911,5.69105691056911,,,,,,,,,,,,,,
BOL006b-60-1,3.6036036036036,5.18518518518518,11.0666666666667,15.1315789473684,6.86274509803922,1.70940170940171,1.28205128205128,10.8695652173913,7.20720720720721,11.6161616161616,16.6666666666667,7.80141843971631,1.28205128205128,2.2962962962963,,,,,,,,,,,,,,,65,55,45,35,25,15,5,65,55,45,35,25,15,5,,,,,,,,,,,,,,,1,1,1,1,1,1,1,2,2,2,2,2,2,2,,,,,,,,,,,,,,,0.454722619202287,0.454722619202287,0.454722619202287,0.454722619202287,0.454722619202287,0.454722619202287,0.454722619202287,0.666400106624017,0.666400106624017,0.666400106624017,0.666400106624017,0.666400106624017,0.666400106624017,0.666400106624017,,,,,,,,,,,,,,
BOL006b-64-1,7.33333333333333,3.24074074074074,17.9824561403509,5.98290598290598,3.65853658536585,8.10810810810811,4.3859649122807,6.81818181818182,3.40909090909091,17.0833333333333,2.4031007751938,5.69105691056911,12.4031007751938,10.077519379845,,,,,,,,,,,,,,,65,55,45,35,25,15,5,65,55,45,35,25,15,5,,,,,,,,,,,,,,,1,1,1,1,1,1,1,2,2,2,2,2,2,2,,,,,,,,,,,,,,,0.155904898012213,0.155904898012213,0.155904898012213,0.155904898012213,0.155904898012213,0.155904898012213,0.155904898012213,0.106624017059843,0.106624017059843,0.106624017059843,0.106624017059843,0.106624017059843,0.106624017059843,0.106624017059843,,,,,,,,,,,,,,
TAR010c-02-1,26.5765765765766,31.25,28.7878787878788,31.4583333333333,25.1515151515152,30.9139784946237,34.2857142857143,21.0144927536232,18.5185185185185,21.9047619047619,22.4137931034483,21.1382113821138,23.3333333333333,21.3333333333333,,,,,,,,,,,,,,,60,50,40,30,20,10,0,60,50,40,30,20,10,0,,,,,,,,,,,,,,,1,1,1,1,1,1,1,2,2,2,2,2,2,2,,,,,,,,,,,,,,,28.9384010484928,28.9384010484928,28.9384010484928,28.9384010484928,28.9384010484928,28.9384010484928,28.9384010484928,19.929546455306,19.929546455306,19.929546455306,19.929546455306,19.929546455306,19.929546455306,19.929546455306,,,,,,,,,,,,,,
TAR010c-15-4,1.11111111111111,0,0.574712643678161,2.77777777777778,0,4.3010752688172,1.72413793103448,0,0,0,0,1.19047619047619,1.72413793103448,0.537634408602151,,,,,,,,,,,,,,,60,50,40,30,20,10,0,60,50,40,30,20,10,0,,,,,,,,,,,,,,,1,1,1,1,1,1,1,2,2,2,2,2,2,2,,,,,,,,,,,,,,,2.92704237658366,2.92704237658366,2.92704237658366,2.92704237658366,2.92704237658366,2.92704237658366,2.92704237658366,1.06560986349626,1.06560986349626,1.06560986349626,1.06560986349626,1.06560986349626,1.06560986349626,1.06560986349626,,,,,,,,,,,,,,
TAR010c-16-1,5.85585585585586,0.694444444444445,0.505050505050505,2.08333333333333,1.51515151515152,0.537634408602151,2.38095238095238,4.34782608695652,1.38888888888889,2.38095238095238,0,0.40650406504065,0.555555555555556,0,,,,,,,,,,,,,,,60,50,40,30,20,10,0,60,50,40,30,20,10,0,,,,,,,,,,,,,,,1,1,1,1,1,1,1,2,2,2,2,2,2,2,,,,,,,,,,,,,,,1.31935342944517,1.31935342944517,1.31935342944517,1.31935342944517,1.31935342944517,1.31935342944517,1.31935342944517,0.827829150154117,0.827829150154117,0.827829150154117,0.827829150154117,0.827829150154117,0.827829150154117,0.827829150154117,,,,,,,,,,,,,,
TAR010c-24-2,18.0952380952381,16.0714285714286,16.2068965517241,3.43137254901961,5.37634408602151,6.02150537634409,7.14285714285714,32,22.4242424242424,16.1458333333333,3.20512820512821,1.14942528735632,4.02298850574713,10.9375,,,,,,,,,,,,,,,60,50,40,30,20,10,0,60,50,40,30,20,10,0,,,,,,,,,,,,,,,1,1,1,1,1,1,1,2,2,2,2,2,2,2,,,,,,,,,,,,,,,0.122324159021407,0.122324159021407,0.122324159021407,0.122324159021407,0.122324159021407,0.122324159021407,0.122324159021407,0.158520475561427,0.158520475561427,0.158520475561427,0.158520475561427,0.158520475561427,0.158520475561427,0.158520475561427,,,,,,,,,,,,,,
TAR010c-29-1,51.0416666666667,42.0634920634921,26.1261261261261,26.8518518518518,22.0238095238095,15.625,22.4358974358974,40,33.3333333333333,26.8115942028986,45.3333333333333,14.5833333333333,7.73809523809524,17.5925925925926,,,,,,,,,,,,,,,60,50,40,30,20,10,0,60,50,40,30,20,10,0,,,,,,,,,,,,,,,1,1,1,1,1,1,1,2,2,2,2,2,2,2,,,,,,,,,,,,,,,11.2800349497597,11.2800349497597,11.2800349497597,11.2800349497597,11.2800349497597,11.2800349497597,11.2800349497597,11.3077939233818,11.3077939233818,11.3077939233818,11.3077939233818,11.3077939233818,11.3077939233818,11.3077939233818,,,,,,,,,,,,,,
TAR010c-35-2,13,8.33333333333333,7.26495726495727,5.33333333333333,21.3541666666667,15.0641025641026,13.6904761904762,10.9375,5.09259259259259,7.12121212121212,8.33333333333333,12.5,7.40740740740741,14.0625,,,,,,,,,,,,,,,60,50,40,30,20,10,0,60,50,40,30,20,10,0,,,,,,,,,,,,,,,1,1,1,1,1,1,1,2,2,2,2,2,2,2,,,,,,,,,,,,,,,16.7758846657929,16.7758846657929,16.7758846657929,16.7758846657929,16.7758846657929,16.7758846657929,16.7758846657929,19.7357992073976,19.7357992073976,19.7357992073976,19.7357992073976,19.7357992073976,19.7357992073976,19.7357992073976,,,,,,,,,,,,,,
TAR010c-36-1,0.555555555555556,0.574712643678161,1.04166666666667,3.2258064516129,2.94117647058824,0.537634408602151,3.2258064516129,0,0.490196078431373,0,4.02298850574713,0.595238095238095,1.14942528735632,1.0752688172043,,,,,,,,,,,,,,,60,50,40,30,20,10,0,60,50,40,30,20,10,0,,,,,,,,,,,,,,,1,1,1,1,1,1,1,2,2,2,2,2,2,2,,,,,,,,,,,,,,,2.48143294014854,2.48143294014854,2.48143294014854,2.48143294014854,2.48143294014854,2.48143294014854,2.48143294014854,0.801409070893879,0.801409070893879,0.801409070893879,0.801409070893879,0.801409070893879,0.801409070893879,0.801409070893879,,,,,,,,,,,,,,
TAR010c-36-2,34.5238095238095,16.0714285714286,17.948717948718,20.7070707070707,12.6436781609195,7.52688172043011,7.14285714285714,20,22.2222222222222,21.5686274509804,19.7530864197531,16.6666666666667,12.6436781609195,7.69230769230769,,,,,,,,,,,,,,,60,50,40,30,20,10,0,60,50,40,30,20,10,0,,,,,,,,,,,,,,,1,1,1,1,1,1,1,2,2,2,2,2,2,2,,,,,,,,,,,,,,,4.85801660113587,4.85801660113587,4.85801660113587,4.85801660113587,4.85801660113587,4.85801660113587,4.85801660113587,6.31439894319683,6.31439894319683,6.31439894319683,6.31439894319683,6.31439894319683,6.31439894319683,6.31439894319683,,,,,,,,,,,,,,
TAR010c-43-2,50.9803921568627,29.6875,26.7857142857143,34.7619047619048,25.7575757575758,24.1379310344828,19.6969696969697,57.4074074074074,45.8333333333333,45.4022988505747,41.3333333333333,30.8641975308642,24.1935483870968,34.5679012345679,,,,,,,,,,,,,,,60,50,40,30,20,10,0,60,50,40,30,20,10,0,,,,,,,,,,,,,,,1,1,1,1,1,1,1,2,2,2,2,2,2,2,,,,,,,,,,,,,,,6.43075578855395,6.43075578855395,6.43075578855395,6.43075578855395,6.43075578855395,6.43075578855395,6.43075578855395,7.33597534125936,7.33597534125936,7.33597534125936,7.33597534125936,7.33597534125936,7.33597534125936,7.33597534125936,,,,,,,,,,,,,,
eno048f-b1,29.9186991869919,30,31.4814814814815,32.7083333333333,30.0813008130081,28.75,38.5555555555556,27.7777777777778,29.5833333333333,46.375,,,,,,,,,,,,,,,,,,,60,50,40,30,20,60,50,40,30,20,,,,,,,,,,,,,,,,,,,1,1,1,1,1,2,2,2,2,2,,,,,,,,,,,,,,,,,,,33.8666666666667,33.8666666666667,33.8666666666667,33.8666666666667,33.8666666666667,37.7647058823529,37.7647058823529,37.7647058823529,37.7647058823529,37.7647058823529,,,,,,,,,,,,,,,,,,
eno048g-b1,0,0.340136054421769,0,0.396825396825397,0,0,0.476190476190476,0.43859649122807,0,0,,,,,,,,,,,,,,,,,,,60,50,40,30,20,60,50,40,30,20,,,,,,,,,,,,,,,,,,,1,1,1,1,1,2,2,2,2,2,,,,,,,,,,,,,,,,,,,0.0714796283059328,0.0714796283059328,0.0714796283059328,0.0714796283059328,0.0714796283059328,0,0,0,0,0,,,,,,,,,,,,,,,,,,
eno048g-c1,1.16279069767442,0.854700854700855,0.833333333333333,3.40909090909091,3.48837209302326,0.775193798449612,2.08333333333333,0,0.87719298245614,1.51515151515152,,,,,,,,,,,,,,,,,,,60,50,40,30,20,60,50,40,30,20,,,,,,,,,,,,,,,,,,,1,1,1,1,1,2,2,2,2,2,,,,,,,,,,,,,,,,,,,6.21872766261615,6.21872766261615,6.21872766261615,6.21872766261615,6.21872766261615,3.22043309272626,3.22043309272626,3.22043309272626,3.22043309272626,3.22043309272626,,,,,,,,,,,,,,,,,,
eno048g-d1,1.19047619047619,0,0,1.93798449612403,0.793650793650794,0,0,0.36231884057971,1.28205128205128,0.37037037037037,,,,,,,,,,,,,,,,,,,60,50,40,30,20,60,50,40,30,20,,,,,,,,,,,,,,,,,,,1,1,1,1,1,2,2,2,2,2,,,,,,,,,,,,,,,,,,,0.214438884917798,0.214438884917798,0.214438884917798,0.214438884917798,0.214438884917798,0,0,0,0,0,,,,,,,,,,,,,,,,,,
eno048h-a1,26.5060240963855,24.5991561181435,24.7058823529412,24.0506329113924,25.0980392156863,27.2708333333333,30.5952380952381,29.1111111111111,30.8943089430894,35.9307359307359,,,,,,,,,,,,,,,,,,,60,50,40,30,20,60,50,40,30,20,,,,,,,,,,,,,,,,,,,1,1,1,1,1,2,2,2,2,2,,,,,,,,,,,,,,,,,,,15.3287082920383,15.3287082920383,15.3287082920383,15.3287082920383,15.3287082920383,25.852356952268,25.852356952268,25.852356952268,25.852356952268,25.852356952268,,,,,,,,,,,,,,,,,,
eno048h-b1,3.90946502057613,1.440329218107,0.205761316872428,3.29218106995885,3.37078651685393,0.813008130081301,0.632911392405063,0.609756097560976,1.04166666666667,2.58215962441315,,,,,,,,,,,,,,,,,,,60,50,40,30,20,60,50,40,30,20,,,,,,,,,,,,,,,,,,,1,1,1,1,1,2,2,2,2,2,,,,,,,,,,,,,,,,,,,1.22233234225306,1.22233234225306,1.22233234225306,1.22233234225306,1.22233234225306,0.207530388378298,0.207530388378298,0.207530388378298,0.207530388378298,0.207530388378298,,,,,,,,,,,,,,,,,,
eno050c-a1,17.5328083989501,16.4102564102564,15.0997150997151,16.0224089635854,15.3623188405797,18.3908045977012,18.4383202099738,16.768115942029,17.7506775067751,17.5438596491228,,,,,,,,,,,,,,,,,,,60,50,40,30,20,60,50,40,30,20,,,,,,,,,,,,,,,,,,,1,1,1,1,1,2,2,2,2,2,,,,,,,,,,,,,,,,,,,4.77242598320813,4.77242598320813,4.77242598320813,4.77242598320813,4.77242598320813,4.84824595979503,4.84824595979503,4.84824595979503,4.84824595979503,4.84824595979503,,,,,,,,,,,,,,,,,,
eno050d-c1,85.531914893617,71.9047619047619,62.3529411764706,52.8571428571429,49.6376811594203,80.7692307692308,80.1587301587302,66,75.4065040650407,57.2357723577236,,,,,,,,,,,,,,,,,,,60,50,40,30,20,60,50,40,30,20,,,,,,,,,,,,,,,,,,,1,1,1,1,1,2,2,2,2,2,,,,,,,,,,,,,,,,,,,19.5756331279945,19.5756331279945,19.5756331279945,19.5756331279945,19.5756331279945,28.8096607245543,28.8096607245543,28.8096607245543,28.8096607245543,28.8096607245543,,,,,,,,,,,,,,,,,,
eno050e-a1,0,0,1.32275132275132,0,0.512820512820513,0.72463768115942,0.303030303030303,1.96078431372549,0.757575757575758,0.862068965517241,,,,,,,,,,,,,,,,,,,60,50,40,30,20,60,50,40,30,20,,,,,,,,,,,,,,,,,,,1,1,1,1,1,2,2,2,2,2,,,,,,,,,,,,,,,,,,,0.444444444444444,0.444444444444444,0.444444444444444,0.444444444444444,0.444444444444444,6.60869565217391,6.60869565217391,6.60869565217391,6.60869565217391,6.60869565217391,,,,,,,,,,,,,,,,,,
eno050e-c1,9.67741935483871,6.32183908045977,8.04597701149426,8.33333333333333,8.73015873015873,15.9895833333333,21.6417910447761,9.74358974358974,15.7258064516129,8.99470899470899,,,,,,,,,,,,,,,,,,,60,50,40,30,20,60,50,40,30,20,,,,,,,,,,,,,,,,,,,1,1,1,1,1,2,2,2,2,2,,,,,,,,,,,,,,,,,,,1.14814814814815,1.14814814814815,1.14814814814815,1.14814814814815,1.14814814814815,0.130434782608696,0.130434782608696,0.130434782608696,0.130434782608696,0.130434782608696,,,,,,,,,,,,,,,,,,
eno050e-d1,8.46153846153846,3.95480225988701,2.82051282051282,1.04166666666667,0.260416666666667,12.5,11.5384615384615,6.38888888888889,7.40740740740741,6.92307692307692,,,,,,,,,,,,,,,,,,,60,50,40,30,20,60,50,40,30,20,,,,,,,,,,,,,,,,,,,1,1,1,1,1,2,2,2,2,2,,,,,,,,,,,,,,,,,,,0.592592592592593,0.592592592592593,0.592592592592593,0.592592592592593,0.592592592592593,6.60869565217391,6.60869565217391,6.60869565217391,6.60869565217391,6.60869565217391,,,,,,,,,,,,,,,,,,
eno051h-b1,16.2464985994398,13.8666666666667,13.1268436578171,11.5176151761518,11.5885416666667,21.7213114754098,21.1594202898551,15.6167979002625,15.3954802259887,18.3035714285714,,,,,,,,,,,,,,,,,,,60,50,40,30,20,60,50,40,30,20,,,,,,,,,,,,,,,,,,,1,1,1,1,1,2,2,2,2,2,,,,,,,,,,,,,,,,,,,10.4312485888462,10.4312485888462,10.4312485888462,10.4312485888462,10.4312485888462,14.6199961322762,14.6199961322762,14.6199961322762,14.6199961322762,14.6199961322762,,,,,,,,,,,,,,,,,,
eno051h-b2,0.147492625368732,1.70940170940171,1.8361581920904,0.409836065573771,1.8361581920904,0,0.15015015015015,0,0.140056022408964,0.409836065573771,,,,,,,,,,,,,,,,,,,60,50,40,30,20,60,50,40,30,20,,,,,,,,,,,,,,,,,,,1,1,1,1,1,2,2,2,2,2,,,,,,,,,,,,,,,,,,,4.1770151275683,4.1770151275683,4.1770151275683,4.1770151275683,4.1770151275683,2.9394701218333,2.9394701218333,2.9394701218333,2.9394701218333,2.9394701218333,,,,,,,,,,,,,,,,,,
eno052b-a1,22.6495726495727,22.2222222222222,26.7806267806268,27.8225806451613,29.8888888888889,31.9783197831978,27.3712737127371,34.3548387096774,34.4827586206896,42.8374655647383,,,,,,,,,,,,,,,,,,,60,50,40,30,20,60,50,40,30,20,,,,,,,,,,,,,,,,,,,1,1,1,1,1,2,2,2,2,2,,,,,,,,,,,,,,,,,,,9.31402132367733,9.31402132367733,9.31402132367733,9.31402132367733,9.31402132367733,8.92201339382156,8.92201339382156,8.92201339382156,8.92201339382156,8.92201339382156,,,,,,,,,,,,,,,,,,
eno052b-b1,14.6005509641873,15.2066115702479,10.0877192982456,10.9722222222222,8.93939393939394,25.2100840336134,22.7777777777778,15.2046783625731,19.3055555555556,12.9943502824859,,,,,,,,,,,,,,,,,,,60,50,40,30,20,60,50,40,30,20,,,,,,,,,,,,,,,,,,,1,1,1,1,1,2,2,2,2,2,,,,,,,,,,,,,,,,,,,1.73003419835043,1.73003419835043,1.73003419835043,1.73003419835043,1.73003419835043,1.2097645279758,1.2097645279758,1.2097645279758,1.2097645279758,1.2097645279758,,,,,,,,,,,,,,,,,,
eno052b-c1,4.27350427350428,3.56125356125356,5.41310541310541,4.3010752688172,5.83333333333333,2.30352303523035,3.11653116531165,5.67204301075269,4.16666666666667,6.06060606060606,,,,,,,,,,,,,,,,,,,60,50,40,30,20,60,50,40,30,20,,,,,,,,,,,,,,,,,,,1,1,1,1,1,2,2,2,2,2,,,,,,,,,,,,,,,,,,,6.69885334942667,6.69885334942667,6.69885334942667,6.69885334942667,6.69885334942667,6.89133722186217,6.89133722186217,6.89133722186217,6.89133722186217,6.89133722186217,,,,,,,,,,,,,,,,,,
eno052d-c1,30.0766283524904,24.5726495726496,24.0506329113924,20.1204819277108,11.5853658536585,32.4200913242009,25.6746031746032,21.6883116883117,21.7948717948718,12.6582278481013,,,,,,,,,,,,,,,,,,,60,50,40,30,20,60,50,40,30,20,,,,,,,,,,,,,,,,,,,1,1,1,1,1,2,2,2,2,2,,,,,,,,,,,,,,,,,,,13.2268370607029,13.2268370607029,13.2268370607029,13.2268370607029,13.2268370607029,2.6605504587156,2.6605504587156,2.6605504587156,2.6605504587156,2.6605504587156,,,,,,,,,,,,,,,,,,
eno053d-a1,13.2751937984496,25.0411522633745,30.734126984127,29.1152263374486,27.0238095238095,13.6831275720165,25.9469696969697,30.4166666666667,28.5767790262172,22.8039215686274,,,,,,,,,,,,,,,,,,,60,50,40,30,20,60,50,40,30,20,,,,,,,,,,,,,,,,,,,1,1,1,1,1,2,2,2,2,2,,,,,,,,,,,,,,,,,,,11.067835118468,11.067835118468,11.067835118468,11.067835118468,11.067835118468,13.1666164507382,13.1666164507382,13.1666164507382,13.1666164507382,13.1666164507382,,,,,,,,,,,,,,,,,,
eno053d-c1,11.5853658536585,13.9759036144578,13.3333333333333,14.8275862068966,12.5,8.56862745098039,11.6260162601626,10.4545454545455,7.79220779220779,8.52490421455938,,,,,,,,,,,,,,,,,,,60,50,40,30,20,60,50,40,30,20,,,,,,,,,,,,,,,,,,,1,1,1,1,1,2,2,2,2,2,,,,,,,,,,,,,,,,,,,10.1914962674456,10.1914962674456,10.1914962674456,10.1914962674456,10.1914962674456,6.35733654715276,6.35733654715276,6.35733654715276,6.35733654715276,6.35733654715276,,,,,,,,,,,,,,,,,,
eno053d-c3,1.31578947368421,0.833333333333333,2.25225225225225,1.35135135135135,1.6260162601626,0,0,0,0.775193798449612,0.462962962962963,,,,,,,,,,,,,,,,,,,60,50,40,30,20,60,50,40,30,20,,,,,,,,,,,,,,,,,,,1,1,1,1,1,2,2,2,2,2,,,,,,,,,,,,,,,,,,,0.442477876106195,0.442477876106195,0.442477876106195,0.442477876106195,0.442477876106195,0.494437577255871,0.494437577255871,0.494437577255871,0.494437577255871,0.494437577255871,,,,,,,,,,,,,,,,,,
eno053f-a1,3.77777777777778,4.60526315789474,6.06060606060606,7.87037037037037,6.8018018018018,8.80281690140845,8.92018779342723,9.30735930735931,11.0042735042735,12.1666666666667,,,,,,,,,,,,,,,,,,,60,50,40,30,20,60,50,40,30,20,,,,,,,,,,,,,,,,,,,1,1,1,1,1,2,2,2,2,2,,,,,,,,,,,,,,,,,,,19.831223628692,19.831223628692,19.831223628692,19.831223628692,19.831223628692,39.1745602165088,39.1745602165088,39.1745602165088,39.1745602165088,39.1745602165088,,,,,,,,,,,,,,,,,,
eno053f-c1,15.4471544715447,15.8119658119658,18.4684684684685,17.8861788617886,19.9186991869919,20.5128205128205,19.1056910569106,21.7948717948718,19.6581196581197,19.2307692307692,,,,,,,,,,,,,,,,,,,60,50,40,30,20,60,50,40,30,20,,,,,,,,,,,,,,,,,,,1,1,1,1,1,2,2,2,2,2,,,,,,,,,,,,,,,,,,,14.5272385723231,14.5272385723231,14.5272385723231,14.5272385723231,14.5272385723231,16.8434185901435,16.8434185901435,16.8434185901435,16.8434185901435,16.8434185901435,,,,,,,,,,,,,,,,,,
eno053f-d1,1.20772946859903,3.7280701754386,0.469483568075117,2.19298245614035,4.32098765432099,3.37837837837838,2.32876712328767,4.10628019323671,2.17391304347826,3.6231884057971,,,,,,,,,,,,,,,,,,,60,50,40,30,20,60,50,40,30,20,,,,,,,,,,,,,,,,,,,1,1,1,1,1,2,2,2,2,2,,,,,,,,,,,,,,,,,,,2.70745428973277,2.70745428973277,2.70745428973277,2.70745428973277,2.70745428973277,5.51420838971583,5.51420838971583,5.51420838971583,5.51420838971583,5.51420838971583,,,,,,,,,,,,,,,,,,
eno054c-b1,3.55805243445693,0.854700854700855,1.28205128205128,1.70454545454545,1.21951219512195,1.33333333333333,1.92307692307692,0.222222222222222,0.91324200913242,0.205761316872428,,,,,,,,,,,,,,,,,,,60,50,40,30,20,60,50,40,30,20,,,,,,,,,,,,,,,,,,,1,1,1,1,1,2,2,2,2,2,,,,,,,,,,,,,,,,,,,3.33853354134165,3.33853354134165,3.33853354134165,3.33853354134165,3.33853354134165,2.75430359937402,2.75430359937402,2.75430359937402,2.75430359937402,2.75430359937402,,,,,,,,,,,,,,,,,,
eno060c-a1,57.0138888888889,67.8571428571429,75.8771929824561,59.2105263157895,60,57.9365079365079,51.304347826087,54.7619047619048,41.2037037037037,36.3333333333333,23.4848484848485,9.25925925925926,20.2898550724638,10,83.3333333333333,96.9135802469136,85.8695652173913,75.3623188405797,70,71.6666666666667,67.5925925925926,57.0175438596491,50,38.0952380952381,22.2222222222222,22.463768115942,17.5925925925926,22.8260869565217,65,60,55,50,45,40,35,30,25,20,15,10,5,0,65,60,55,50,45,40,35,30,25,20,15,10,5,0,1,1,1,1,1,1,1,1,1,1,1,1,1,1,2,2,2,2,2,2,2,2,2,2,2,2,2,2,2.35326688815061,2.35326688815061,2.35326688815061,2.35326688815061,2.35326688815061,2.35326688815061,2.35326688815061,2.35326688815061,2.35326688815061,2.35326688815061,2.35326688815061,2.35326688815061,2.35326688815061,2.35326688815061,4.90612139917695,4.90612139917695,4.90612139917695,4.90612139917695,4.90612139917695,4.90612139917695,4.90612139917695,4.90612139917695,4.90612139917695,4.90612139917695,4.90612139917695,4.90612139917695,4.90612139917695,4.90612139917695
eno060d-a1,6.66666666666667,2.38095238095238,7.57575757575758,0,3.33333333333333,3.7037037037037,11.1111111111111,2.08333333333333,5.23809523809524,4.54545454545455,3.33333333333333,0,5.55555555555556,2.38095238095238,11.9047619047619,0,6.25,6.25,1.66666666666667,2.08333333333333,2.38095238095238,15,3.33333333333333,4.16666666666667,3.33333333333333,10,2.77777777777778,12.5,65,60,55,50,45,40,35,30,25,20,15,10,5,0,65,60,55,50,45,40,35,30,25,20,15,10,5,0,1,1,1,1,1,1,1,1,1,1,1,1,1,1,2,2,2,2,2,2,2,2,2,2,2,2,2,2,5.05334914048607,5.05334914048607,5.05334914048607,5.05334914048607,5.05334914048607,5.05334914048607,5.05334914048607,5.05334914048607,5.05334914048607,5.05334914048607,5.05334914048607,5.05334914048607,5.05334914048607,5.05334914048607,8.46129238643634,8.46129238643634,8.46129238643634,8.46129238643634,8.46129238643634,8.46129238643634,8.46129238643634,8.46129238643634,8.46129238643634,8.46129238643634,8.46129238643634,8.46129238643634,8.46129238643634,8.46129238643634
eno060e-a1,38.4057971014493,46.4912280701754,13.3333333333333,33.3333333333333,29.5454545454545,29.4117647058824,23.6842105263158,36.5740740740741,14.2857142857143,14.2857142857143,27.0833333333333,24.1666666666667,37.719298245614,15.1515151515152,40.625,41.2280701754386,30,30,32.3529411764706,39.1304347826087,34.1269841269841,28.7878787878788,20.1388888888889,25.4385964912281,21.2121212121212,26.0416666666667,20,30.5555555555556,65,60,55,50,45,40,35,30,25,20,15,10,5,0,65,60,55,50,45,40,35,30,25,20,15,10,5,0,1,1,1,1,1,1,1,1,1,1,1,1,1,1,2,2,2,2,2,2,2,2,2,2,2,2,2,2,22.101871529444,22.101871529444,22.101871529444,22.101871529444,22.101871529444,22.101871529444,22.101871529444,22.101871529444,22.101871529444,22.101871529444,22.101871529444,22.101871529444,22.101871529444,22.101871529444,19.3748734219942,19.3748734219942,19.3748734219942,19.3748734219942,19.3748734219942,19.3748734219942,19.3748734219942,19.3748734219942,19.3748734219942,19.3748734219942,19.3748734219942,19.3748734219942,19.3748734219942,19.3748734219942
eno062c-a1,2.94117647058824,4.3859649122807,3.47222222222222,3.03030303030303,5.83333333333333,10.5263157894737,10.3174603174603,6.25,6.86274509803922,5.12820512820513,7.69230769230769,9.16666666666667,4.90196078431373,11.8055555555556,6.94444444444444,5.55555555555556,10.7843137254902,9.25925925925926,9.16666666666667,6.06060606060606,15.7407407407407,19.7916666666667,10.8695652173913,13.0952380952381,11.9047619047619,11.6666666666667,15.9420289855072,10.7843137254902,65,60,55,50,45,40,35,30,25,20,15,10,5,0,65,60,55,50,45,40,35,30,25,20,15,10,5,0,1,1,1,1,1,1,1,1,1,1,1,1,1,1,2,2,2,2,2,2,2,2,2,2,2,2,2,2,4.57138881157807,4.57138881157807,4.57138881157807,4.57138881157807,4.57138881157807,4.57138881157807,4.57138881157807,4.57138881157807,4.57138881157807,4.57138881157807,4.57138881157807,4.57138881157807,4.57138881157807,4.57138881157807,9.84770923982595,9.84770923982595,9.84770923982595,9.84770923982595,9.84770923982595,9.84770923982595,9.84770923982595,9.84770923982595,9.84770923982595,9.84770923982595,9.84770923982595,9.84770923982595,9.84770923982595,9.84770923982595
eno062d-a1,16.6666666666667,9.72222222222222,10.6060606060606,10.6060606060606,11.6666666666667,6.06060606060606,4.44444444444444,6.66666666666667,10.6060606060606,12.5,11.1111111111111,9.09090909090909,11.6666666666667,10.6060606060606,10.6060606060606,17.8571428571429,27.2727272727273,10.2564102564103,18.0555555555556,6.25,14.8148148148148,15.5555555555556,17.948717948718,7.14285714285714,17.843137254902,20.2380952380952,14.1025641025641,28.2051282051282,65,60,55,50,45,40,35,30,25,20,15,10,5,0,65,60,55,50,45,40,35,30,25,20,15,10,5,0,1,1,1,1,1,1,1,1,1,1,1,1,1,1,2,2,2,2,2,2,2,2,2,2,2,2,2,2,7.07657909446618,7.07657909446618,7.07657909446618,7.07657909446618,7.07657909446618,7.07657909446618,7.07657909446618,7.07657909446618,7.07657909446618,7.07657909446618,7.07657909446618,7.07657909446618,7.07657909446618,7.07657909446618,14.2241855328548,14.2241855328548,14.2241855328548,14.2241855328548,14.2241855328548,14.2241855328548,14.2241855328548,14.2241855328548,14.2241855328548,14.2241855328548,14.2241855328548,14.2241855328548,14.2241855328548,14.2241855328548
eno063b-c1,0,0,0,0,0,7.14285714285714,0,0,0,0,0,5.55555555555556,0,8.33333333333333,0,5.55555555555556,0,5.55555555555556,0,0,0,0,0,4.16666666666667,0,8.33333333333333,0,0,65,60,55,50,45,40,35,30,25,20,15,10,5,0,65,60,55,50,45,40,35,30,25,20,15,10,5,0,1,1,1,1,1,1,1,1,1,1,1,1,1,1,2,2,2,2,2,2,2,2,2,2,2,2,2,2,2.88683602771363,2.88683602771363,2.88683602771363,2.88683602771363,2.88683602771363,2.88683602771363,2.88683602771363,2.88683602771363,2.88683602771363,2.88683602771363,2.88683602771363,2.88683602771363,2.88683602771363,2.88683602771363,2.95414462081129,2.95414462081129,2.95414462081129,2.95414462081129,2.95414462081129,2.95414462081129,2.95414462081129,2.95414462081129,2.95414462081129,2.95414462081129,2.95414462081129,2.95414462081129,2.95414462081129,2.95414462081129
eno064c-d1,59.7222222222222,40.2777777777778,52.3809523809524,31.25,50,64.8148148148148,50.6944444444444,54.1666666666667,40.4761904761905,27.7777777777778,20,10,27.2727272727273,19.047619047619,50,33.3333333333333,37.037037037037,54.1666666666667,50,48.9583333333333,61.1111111111111,54.8148148148148,38.8888888888889,59.0909090909091,33.3333333333333,29.1666666666667,27.7777777777778,12.962962962963,65,60,55,50,45,40,35,30,25,20,15,10,5,0,65,60,55,50,45,40,35,30,25,20,15,10,5,0,1,1,1,1,1,1,1,1,1,1,1,1,1,1,2,2,2,2,2,2,2,2,2,2,2,2,2,2,12.1943991702474,12.1943991702474,12.1943991702474,12.1943991702474,12.1943991702474,12.1943991702474,12.1943991702474,12.1943991702474,12.1943991702474,12.1943991702474,12.1943991702474,12.1943991702474,12.1943991702474,12.1943991702474,13.291234400842,13.291234400842,13.291234400842,13.291234400842,13.291234400842,13.291234400842,13.291234400842,13.291234400842,13.291234400842,13.291234400842,13.291234400842,13.291234400842,13.291234400842,13.291234400842
eno064d-d1,16.6666666666667,17.9487179487179,16.6666666666667,18.1818181818182,16.6666666666667,14.8148148148148,6.41025641025641,13.3333333333333,6.94444444444445,10.6060606060606,16.6666666666667,6.06060606060606,12.1212121212121,6.06060606060606,18.1818181818182,14.2857142857143,12.1212121212121,5.55555555555556,11.6666666666667,12.5,4.76190476190476,4.44444444444444,14.5833333333333,7.40740740740741,2.38095238095238,7.40740740740741,11.1111111111111,1.85185185185185,65,60,55,50,45,40,35,30,25,20,15,10,5,0,65,60,55,50,45,40,35,30,25,20,15,10,5,0,1,1,1,1,1,1,1,1,1,1,1,1,1,1,2,2,2,2,2,2,2,2,2,2,2,2,2,2,0.242130750605327,0.242130750605327,0.242130750605327,0.242130750605327,0.242130750605327,0.242130750605327,0.242130750605327,0.242130750605327,0.242130750605327,0.242130750605327,0.242130750605327,0.242130750605327,0.242130750605327,0.242130750605327,0.938408670367433,0.938408670367433,0.938408670367433,0.938408670367433,0.938408670367433,0.938408670367433,0.938408670367433,0.938408670367433,0.938408670367433,0.938408670367433,0.938408670367433,0.938408670367433,0.938408670367433,0.938408670367433
gus013b-b1,59.8484848484848,49.1666666666667,42.4242424242424,31.5789473684211,35.1851851851852,33.3333333333333,20.8333333333333,76.8518518518519,58.7301587301587,27.1929824561404,25.7575757575758,24,15.9420289855072,23.9583333333333,,,,,,,,,,,,,,,60,50,40,30,20,10,0,60,50,40,30,20,10,0,,,,,,,,,,,,,,,1,1,1,1,1,1,1,2,2,2,2,2,2,2,,,,,,,,,,,,,,,23.2482417296171,23.2482417296171,23.2482417296171,23.2482417296171,23.2482417296171,23.2482417296171,23.2482417296171,16.8971018346185,16.8971018346185,16.8971018346185,16.8971018346185,16.8971018346185,16.8971018346185,16.8971018346185,,,,,,,,,,,,,,
gus013c-c1,3.2258064516129,3.7037037037037,7.57575757575758,1.04166666666667,3.15315315315315,2.22222222222222,2.85714285714286,3.33333333333333,10.4761904761905,5.35714285714286,3.125,8.97435897435898,2.1505376344086,3.20512820512821,,,,,,,,,,,,,,,60,50,40,30,20,10,0,60,50,40,30,20,10,0,,,,,,,,,,,,,,,1,1,1,1,1,1,1,2,2,2,2,2,2,2,,,,,,,,,,,,,,,1.51923076923077,1.51923076923077,1.51923076923077,1.51923076923077,1.51923076923077,1.51923076923077,1.51923076923077,2.42741935483871,2.42741935483871,2.42741935483871,2.42741935483871,2.42741935483871,2.42741935483871,2.42741935483871,,,,,,,,,,,,,,
gus014b-b1,1.38888888888889,0,0,0,2.38095238095238,2.63157894736842,0,0,0,0,0.793650793650794,0,0,0,,,,,,,,,,,,,,,60,50,40,30,20,10,0,60,50,40,30,20,10,0,,,,,,,,,,,,,,,1,1,1,1,1,1,1,2,2,2,2,2,2,2,,,,,,,,,,,,,,,0.68662455369404,0.68662455369404,0.68662455369404,0.68662455369404,0.68662455369404,0.68662455369404,0.68662455369404,0.669360949734782,0.669360949734782,0.669360949734782,0.669360949734782,0.669360949734782,0.669360949734782,0.669360949734782,,,,,,,,,,,,,,
gus014b-d1,9.46969696969697,16.6666666666667,13.3333333333333,2.5,5.55555555555556,3.50877192982456,6.81818181818182,23.6842105263158,32.5396825396825,15.8333333333333,4.76190476190476,10.5263157894737,4.54545454545455,11.4035087719298,,,,,,,,,,,,,,,60,50,40,30,20,10,0,60,50,40,30,20,10,0,,,,,,,,,,,,,,,1,1,1,1,1,1,1,2,2,2,2,2,2,2,,,,,,,,,,,,,,,0.439439714364186,0.439439714364186,0.439439714364186,0.439439714364186,0.439439714364186,0.439439714364186,0.439439714364186,0.997726698661278,0.997726698661278,0.997726698661278,0.997726698661278,0.997726698661278,0.997726698661278,0.997726698661278,,,,,,,,,,,,,,
gus014c-b1,0.793650793650794,0,2.17391304347826,2.08333333333333,1.75438596491228,0,2.08333333333333,0.833333333333333,3.33333333333333,5.26315789473684,1.85185185185185,0.757575757575758,0.666666666666667,1.28205128205128,,,,,,,,,,,,,,,60,50,40,30,20,10,0,60,50,40,30,20,10,0,,,,,,,,,,,,,,,1,1,1,1,1,1,1,2,2,2,2,2,2,2,,,,,,,,,,,,,,,0.396319886765747,0.396319886765747,0.396319886765747,0.396319886765747,0.396319886765747,0.396319886765747,0.396319886765747,1.74554394591272,1.74554394591272,1.74554394591272,1.74554394591272,1.74554394591272,1.74554394591272,1.74554394591272,,,,,,,,,,,,,,
gus014c-b3,16.6666666666667,27.7777777777778,33.3333333333333,5.55555555555556,0,4.16666666666667,0,16.6666666666667,83.3333333333333,33.3333333333333,0,16.6666666666667,8.33333333333333,0,,,,,,,,,,,,,,,60,50,40,30,20,10,0,60,50,40,30,20,10,0,,,,,,,,,,,,,,,1,1,1,1,1,1,1,2,2,2,2,2,2,2,,,,,,,,,,,,,,,0.530503978779841,0.530503978779841,0.530503978779841,0.530503978779841,0.530503978779841,0.530503978779841,0.530503978779841,0.575373993095512,0.575373993095512,0.575373993095512,0.575373993095512,0.575373993095512,0.575373993095512,0.575373993095512,,,,,,,,,,,,,,
gus014c-c1,29.5614035087719,19.4666666666667,30.952380952381,38.0952380952381,17.4242424242424,12.280701754386,15.9420289855072,27.536231884058,20.1851851851852,35.2380952380952,39.047619047619,18.3333333333333,18.9393939393939,19.4444444444444,,,,,,,,,,,,,,,60,50,40,30,20,10,0,60,50,40,30,20,10,0,,,,,,,,,,,,,,,1,1,1,1,1,1,1,2,2,2,2,2,2,2,,,,,,,,,,,,,,,10.4033970276008,10.4033970276008,10.4033970276008,10.4033970276008,10.4033970276008,10.4033970276008,10.4033970276008,10.6699446834665,10.6699446834665,10.6699446834665,10.6699446834665,10.6699446834665,10.6699446834665,10.6699446834665,,,,,,,,,,,,,,
gus015b-c1,56.3492063492063,67.1052631578948,56.8627450980392,33.3333333333333,20.5882352941177,7.01754385964912,11.1111111111111,46.6666666666667,60.2777777777778,67.3913043478261,23.6842105263158,24.0277777777778,8.73015873015873,14.9122807017544,,,,,,,,,,,,,,,60,50,40,30,20,10,0,60,50,40,30,20,10,0,,,,,,,,,,,,,,,1,1,1,1,1,1,1,2,2,2,2,2,2,2,,,,,,,,,,,,,,,1.58591408591409,1.58591408591409,1.58591408591409,1.58591408591409,1.58591408591409,1.58591408591409,1.58591408591409,2.11345939933259,2.11345939933259,2.11345939933259,2.11345939933259,2.11345939933259,2.11345939933259,2.11345939933259,,,,,,,,,,,,,,
gus015c-a1,21.2121212121212,22.5,23.3333333333333,11.6666666666667,8.7719298245614,15,8.33333333333333,28.5087719298246,20.8333333333333,34.1666666666667,20,7.14285714285714,5,10,,,,,,,,,,,,,,,60,50,40,30,20,10,0,60,50,40,30,20,10,0,,,,,,,,,,,,,,,1,1,1,1,1,1,1,2,2,2,2,2,2,2,,,,,,,,,,,,,,,5.61004315417811,5.61004315417811,5.61004315417811,5.61004315417811,5.61004315417811,5.61004315417811,5.61004315417811,3.44234079173838,3.44234079173838,3.44234079173838,3.44234079173838,3.44234079173838,3.44234079173838,3.44234079173838,,,,,,,,,,,,,,
gus015c-d1,0,1.66666666666667,0,0,2.38095238095238,0,0.793650793650794,0.793650793650794,4.16666666666667,0.757575757575758,0.87719298245614,0,4.76190476190476,0,,,,,,,,,,,,,,,60,50,40,30,20,10,0,60,50,40,30,20,10,0,,,,,,,,,,,,,,,1,1,1,1,1,1,1,2,2,2,2,2,2,2,,,,,,,,,,,,,,,0.614620112462404,0.614620112462404,0.614620112462404,0.614620112462404,0.614620112462404,0.614620112462404,0.614620112462404,0.820865881106845,0.820865881106845,0.820865881106845,0.820865881106845,0.820865881106845,0.820865881106845,0.820865881106845,,,,,,,,,,,,,,
gus015d-a1,3.7037037037037,0.87719298245614,2.63157894736842,2.38095238095238,5.26315789473684,0.87719298245614,5,1.51515151515152,2.89855072463768,4.76190476190476,5.26315789473684,4.76190476190476,4.76190476190476,5,,,,,,,,,,,,,,,60,50,40,30,20,10,0,60,50,40,30,20,10,0,,,,,,,,,,,,,,,1,1,1,1,1,1,1,2,2,2,2,2,2,2,,,,,,,,,,,,,,,2.20088035214086,2.20088035214086,2.20088035214086,2.20088035214086,2.20088035214086,2.20088035214086,2.20088035214086,4.33597299753343,4.33597299753343,4.33597299753343,4.33597299753343,4.33597299753343,4.33597299753343,4.33597299753343,,,,,,,,,,,,,,
gus015d-c1,6.14035087719298,10.3703703703704,8.73015873015873,2.27272727272727,2.94117647058824,5.26315789473684,0.925925925925926,10.3174603174603,3.6231884057971,6.14035087719298,1.85185185185185,2.89855072463768,2.38095238095238,1.51515151515152,,,,,,,,,,,,,,,60,50,40,30,20,10,0,60,50,40,30,20,10,0,,,,,,,,,,,,,,,1,1,1,1,1,1,1,2,2,2,2,2,2,2,,,,,,,,,,,,,,,0.14672535680939,0.14672535680939,0.14672535680939,0.14672535680939,0.14672535680939,0.14672535680939,0.14672535680939,0.129819550824354,0.129819550824354,0.129819550824354,0.129819550824354,0.129819550824354,0.129819550824354,0.129819550824354,,,,,,,,,,,,,,
gus015d-d1,4.44444444444444,4.54545454545455,3.03030303030303,8.33333333333333,4.54545454545455,1.66666666666667,5.55555555555556,8.33333333333333,9.25925925925926,0,11.6666666666667,24.0740740740741,8.33333333333333,18.0555555555556,,,,,,,,,,,,,,,60,50,40,30,20,10,0,60,50,40,30,20,10,0,,,,,,,,,,,,,,,1,1,1,1,1,1,1,2,2,2,2,2,2,2,,,,,,,,,,,,,,,8.28125,8.28125,8.28125,8.28125,8.28125,8.28125,8.28125,20.2127659574468,20.2127659574468,20.2127659574468,20.2127659574468,20.2127659574468,20.2127659574468,20.2127659574468,,,,,,,,,,,,,,
gus018b-a1,0,0.387596899224806,0,0,0.416666666666667,0.387596899224806,0.40650406504065,0,0.45045045045045,0,0,0.416666666666667,0,0,,,,,,,,,,,,,,,60,50,40,30,20,10,0,60,50,40,30,20,10,0,,,,,,,,,,,,,,,1,1,1,1,1,1,1,2,2,2,2,2,2,2,,,,,,,,,,,,,,,0.58269530455993,0.58269530455993,0.58269530455993,0.58269530455993,0.58269530455993,0.58269530455993,0.58269530455993,1.07410012147561,1.07410012147561,1.07410012147561,1.07410012147561,1.07410012147561,1.07410012147561,1.07410012147561,,,,,,,,,,,,,,
gus018b-a2,14.2857142857143,7.87037037037037,8.13953488372093,9.82905982905983,2.63157894736842,7.00854700854701,4.8780487804878,23.5042735042735,21.2121212121212,16.2393162393162,19.9186991869919,12.8787878787879,11.6279069767442,11.5740740740741,,,,,,,,,,,,,,,60,50,40,30,20,10,0,60,50,40,30,20,10,0,,,,,,,,,,,,,,,1,1,1,1,1,1,1,2,2,2,2,2,2,2,,,,,,,,,,,,,,,1.72775933328816,1.72775933328816,1.72775933328816,1.72775933328816,1.72775933328816,1.72775933328816,1.72775933328816,3.81689150310082,3.81689150310082,3.81689150310082,3.81689150310082,3.81689150310082,3.81689150310082,3.81689150310082,,,,,,,,,,,,,,
gus018b-b1,0,0,0.87719298245614,1.21951219512195,0,0.416666666666667,1.93798449612403,0,0,0.43859649122807,1.21951219512195,0,0.833333333333333,0,,,,,,,,,,,,,,,60,50,40,30,20,10,0,60,50,40,30,20,10,0,,,,,,,,,,,,,,,1,1,1,1,1,1,1,2,2,2,2,2,2,2,,,,,,,,,,,,,,,1.45673826139982,1.45673826139982,1.45673826139982,1.45673826139982,1.45673826139982,1.45673826139982,1.45673826139982,2.78115210024934,2.78115210024934,2.78115210024934,2.78115210024934,2.78115210024934,2.78115210024934,2.78115210024934,,,,,,,,,,,,,,
gus018b-b2,0,0,0,0,0,0,0,0,0,0,0.40650406504065,0,0,2.5,,,,,,,,,,,,,,,60,50,40,30,20,10,0,60,50,40,30,20,10,0,,,,,,,,,,,,,,,1,1,1,1,1,1,1,2,2,2,2,2,2,2,,,,,,,,,,,,,,,1.29412561826682,1.29412561826682,1.29412561826682,1.29412561826682,1.29412561826682,1.29412561826682,1.29412561826682,1.87967521258232,1.87967521258232,1.87967521258232,1.87967521258232,1.87967521258232,1.87967521258232,1.87967521258232,,,,,,,,,,,,,,
gus018b-c1,18.7301587301587,9.25925925925926,9.68992248062016,9.40170940170941,3.07017543859649,3.41880341880342,4.8780487804878,25.2136752136752,9.84848484848485,11.5384615384615,10.5691056910569,4.54545454545455,7.36434108527132,5.55555555555556,,,,,,,,,,,,,,,60,50,40,30,20,10,0,60,50,40,30,20,10,0,,,,,,,,,,,,,,,1,1,1,1,1,1,1,2,2,2,2,2,2,2,,,,,,,,,,,,,,,3.48939630056237,3.48939630056237,3.48939630056237,3.48939630056237,3.48939630056237,3.48939630056237,3.48939630056237,5.40246787289815,5.40246787289815,5.40246787289815,5.40246787289815,5.40246787289815,5.40246787289815,5.40246787289815,,,,,,,,,,,,,,
gus019c-a1,62.7777777777778,54.1975308641975,40,36.6666666666667,23.7373737373737,23.8888888888889,13.0208333333333,86.1111111111111,50,56.0416666666667,25,23.2142857142857,25.5208333333333,18.2795698924731,,,,,,,,,,,,,,,60,50,40,30,20,10,0,60,50,40,30,20,10,0,,,,,,,,,,,,,,,1,1,1,1,1,1,1,2,2,2,2,2,2,2,,,,,,,,,,,,,,,7.80885780885781,7.80885780885781,7.80885780885781,7.80885780885781,7.80885780885781,7.80885780885781,7.80885780885781,11.041738929356,11.041738929356,11.041738929356,11.041738929356,11.041738929356,11.041738929356,11.041738929356,,,,,,,,,,,,,,
gus019c-b1,28.7037037037037,20.8333333333333,37.843137254902,37.962962962963,17.4603174603175,21.7948717948718,18.3333333333333,21.2121212121212,17.5438596491228,44.2666666666667,55.3030303030303,13.3333333333333,16.6666666666667,23.8095238095238,,,,,,,,,,,,,,,60,50,40,30,20,10,0,60,50,40,30,20,10,0,,,,,,,,,,,,,,,1,1,1,1,1,1,1,2,2,2,2,2,2,2,,,,,,,,,,,,,,,14.019471488178,14.019471488178,14.019471488178,14.019471488178,14.019471488178,14.019471488178,14.019471488178,12.7851915626345,12.7851915626345,12.7851915626345,12.7851915626345,12.7851915626345,12.7851915626345,12.7851915626345,,,,,,,,,,,,,,
gus019c-b2,13.3333333333333,5.41666666666667,7.14285714285714,8.66666666666667,0,0.833333333333333,6.14035087719298,14.7727272727273,12.6984126984127,12.8787878787879,12.2222222222222,2.89855072463768,1.51515151515152,0.694444444444445,,,,,,,,,,,,,,,60,50,40,30,20,10,0,60,50,40,30,20,10,0,,,,,,,,,,,,,,,1,1,1,1,1,1,1,2,2,2,2,2,2,2,,,,,,,,,,,,,,,1.05702364394993,1.05702364394993,1.05702364394993,1.05702364394993,1.05702364394993,1.05702364394993,1.05702364394993,1.96297890658631,1.96297890658631,1.96297890658631,1.96297890658631,1.96297890658631,1.96297890658631,1.96297890658631,,,,,,,,,,,,,,
gus019c-b3,5.83333333333333,4.16666666666667,6.06060606060606,2.56410256410256,3.6231884057971,4.3859649122807,6.81818181818182,6.81818181818182,3.78787878787879,3.78787878787879,7.14285714285714,1.85185185185185,1.44927536231884,5.55555555555556,,,,,,,,,,,,,,,60,50,40,30,20,10,0,60,50,40,30,20,10,0,,,,,,,,,,,,,,,1,1,1,1,1,1,1,2,2,2,2,2,2,2,,,,,,,,,,,,,,,1.98423736671303,1.98423736671303,1.98423736671303,1.98423736671303,1.98423736671303,1.98423736671303,1.98423736671303,2.78949634093844,2.78949634093844,2.78949634093844,2.78949634093844,2.78949634093844,2.78949634093844,2.78949634093844,,,,,,,,,,,,,,
gus019d-b1,36.1111111111111,16.6666666666667,19.4444444444444,12.5,14.1025641025641,22.9166666666667,15.4545454545455,27.3809523809524,37.2727272727273,20.8333333333333,27.7777777777778,12.037037037037,13.5416666666667,23.030303030303,,,,,,,,,,,,,,,60,50,40,30,20,10,0,60,50,40,30,20,10,0,,,,,,,,,,,,,,,1,1,1,1,1,1,1,2,2,2,2,2,2,2,,,,,,,,,,,,,,,8.28036132485781,8.28036132485781,8.28036132485781,8.28036132485781,8.28036132485781,8.28036132485781,8.28036132485781,12.7537342014554,12.7537342014554,12.7537342014554,12.7537342014554,12.7537342014554,12.7537342014554,12.7537342014554,,,,,,,,,,,,,,
gus021b-a1,4.76190476190476,6.66666666666667,3.03030303030303,5.55555555555556,2.08333333333333,3.33333333333333,1.38888888888889,5.12820512820513,7.57575757575758,1.85185185185185,4.54545454545455,4.16666666666667,4.54545454545455,0,,,,,,,,,,,,,,,60,50,40,30,20,10,0,60,50,40,30,20,10,0,,,,,,,,,,,,,,,1,1,1,1,1,1,1,2,2,2,2,2,2,2,,,,,,,,,,,,,,,4.37856948599402,4.37856948599402,4.37856948599402,4.37856948599402,4.37856948599402,4.37856948599402,4.37856948599402,3.28829977058374,3.28829977058374,3.28829977058374,3.28829977058374,3.28829977058374,3.28829977058374,3.28829977058374,,,,,,,,,,,,,,
gus021b-c1,17.8571428571429,21.3888888888889,23.0769230769231,21.6666666666667,14.5833333333333,18.3333333333333,21.875,30.5555555555556,33.3333333333333,21.4285714285714,25,16.6666666666667,33.3333333333333,23.3333333333333,,,,,,,,,,,,,,,60,50,40,30,20,10,0,60,50,40,30,20,10,0,,,,,,,,,,,,,,,1,1,1,1,1,1,1,2,2,2,2,2,2,2,,,,,,,,,,,,,,,17.5142779439761,17.5142779439761,17.5142779439761,17.5142779439761,17.5142779439761,17.5142779439761,17.5142779439761,26.1789446851899,26.1789446851899,26.1789446851899,26.1789446851899,26.1789446851899,26.1789446851899,26.1789446851899,,,,,,,,,,,,,,
gus021b-d1,7.14285714285714,8.33333333333333,6.41025641025641,8.33333333333333,10.4166666666667,3.33333333333333,5.20833333333333,5.55555555555556,7.40740740740741,2.38095238095238,8.33333333333333,7.57575757575758,3.33333333333333,2.38095238095238,,,,,,,,,,,,,,,60,50,40,30,20,10,0,60,50,40,30,20,10,0,,,,,,,,,,,,,,,1,1,1,1,1,1,1,2,2,2,2,2,2,2,,,,,,,,,,,,,,,7.17976611367963,7.17976611367963,7.17976611367963,7.17976611367963,7.17976611367963,7.17976611367963,7.17976611367963,7.92760642365537,7.92760642365537,7.92760642365537,7.92760642365537,7.92760642365537,7.92760642365537,7.92760642365537,,,,,,,,,,,,,,
gus021d-a1,38.8888888888889,31.4814814814815,15.7407407407407,17.4561403508772,9.16666666666667,13.1578947368421,19.1666666666667,49.2424242424242,37.6811594202899,26.1904761904762,15.9722222222222,10,15.8730158730159,19.8412698412698,,,,,,,,,,,,,,,60,50,40,30,20,10,0,60,50,40,30,20,10,0,,,,,,,,,,,,,,,1,1,1,1,1,1,1,2,2,2,2,2,2,2,,,,,,,,,,,,,,,9.99637155297533,9.99637155297533,9.99637155297533,9.99637155297533,9.99637155297533,9.99637155297533,9.99637155297533,12.8428270042194,12.8428270042194,12.8428270042194,12.8428270042194,12.8428270042194,12.8428270042194,12.8428270042194,,,,,,,,,,,,,,
gus021d-a2,29.8611111111111,39.3650793650794,23.9130434782609,13.5416666666667,19.4444444444444,18.0555555555556,20.5882352941176,51.1111111111111,40.8333333333333,28.4313725490196,20.8333333333333,17.5,21.875,13.8888888888889,,,,,,,,,,,,,,,60,50,40,30,20,10,0,60,50,40,30,20,10,0,,,,,,,,,,,,,,,1,1,1,1,1,1,1,2,2,2,2,2,2,2,,,,,,,,,,,,,,,9.19811320754717,9.19811320754717,9.19811320754717,9.19811320754717,9.19811320754717,9.19811320754717,9.19811320754717,12.0868495077356,12.0868495077356,12.0868495077356,12.0868495077356,12.0868495077356,12.0868495077356,12.0868495077356,,,,,,,,,,,,,,
gus021d-b1,15.1515151515151,7.5,3.96825396825397,0,2.5,3.50877192982456,5.55555555555556,20.3703703703704,12.5,7.5,0.833333333333333,10,6.06060606060606,6.66666666666667,,,,,,,,,,,,,,,60,50,40,30,20,10,0,60,50,40,30,20,10,0,,,,,,,,,,,,,,,1,1,1,1,1,1,1,2,2,2,2,2,2,2,,,,,,,,,,,,,,,0.399129172714078,0.399129172714078,0.399129172714078,0.399129172714078,0.399129172714078,0.399129172714078,0.399129172714078,2.99753867791842,2.99753867791842,2.99753867791842,2.99753867791842,2.99753867791842,2.99753867791842,2.99753867791842,,,,,,,,,,,,,,
gus021e-b1,0,0,0,0,0,0,1.19047619047619,2.08333333333333,0,0,0,0,0,0,,,,,,,,,,,,,,,60,50,40,30,20,10,0,60,50,40,30,20,10,0,,,,,,,,,,,,,,,1,1,1,1,1,1,1,2,2,2,2,2,2,2,,,,,,,,,,,,,,,0.196249454862625,0.196249454862625,0.196249454862625,0.196249454862625,0.196249454862625,0.196249454862625,0.196249454862625,0.540091400083091,0.540091400083091,0.540091400083091,0.540091400083091,0.540091400083091,0.540091400083091,0.540091400083091,,,,,,,,,,,,,,
gus021e-c1,19.2592592592593,5.55555555555556,1.28205128205128,0,0,11.1111111111111,5.12820512820513,8.33333333333333,1.51515151515152,2.38095238095238,4.16666666666667,0,3.33333333333333,0,,,,,,,,,,,,,,,60,50,40,30,20,10,0,60,50,40,30,20,10,0,,,,,,,,,,,,,,,1,1,1,1,1,1,1,2,2,2,2,2,2,2,,,,,,,,,,,,,,,1.09027474923681,1.09027474923681,1.09027474923681,1.09027474923681,1.09027474923681,1.09027474923681,1.09027474923681,0.893228084752804,0.893228084752804,0.893228084752804,0.893228084752804,0.893228084752804,0.893228084752804,0.893228084752804,,,,,,,,,,,,,,
gus025c-a1,42.0289855072464,24.4444444444444,35.8333333333333,33.3333333333333,28.9855072463768,28.0701754385965,23.015873015873,26.4814814814815,43.3333333333333,36.1111111111111,33.3333333333333,48.0392156862745,36.25,25.5555555555556,,,,,,,,,,,,,,,60,50,40,30,20,10,0,60,50,40,30,20,10,0,,,,,,,,,,,,,,,1,1,1,1,1,1,1,2,2,2,2,2,2,2,,,,,,,,,,,,,,,20.7541976328103,20.7541976328103,20.7541976328103,20.7541976328103,20.7541976328103,20.7541976328103,20.7541976328103,21.8553062767835,21.8553062767835,21.8553062767835,21.8553062767835,21.8553062767835,21.8553062767835,21.8553062767835,,,,,,,,,,,,,,
gus025c-c1,51.1111111111111,36.6666666666667,29.3333333333333,24.5614035087719,21.0144927536232,20.6349206349206,6.34920634920635,38.2352941176471,42.2222222222222,28.5714285714286,30.952380952381,23.5294117647059,30.7017543859649,24.2424242424242,,,,,,,,,,,,,,,60,50,40,30,20,10,0,60,50,40,30,20,10,0,,,,,,,,,,,,,,,1,1,1,1,1,1,1,2,2,2,2,2,2,2,,,,,,,,,,,,,,,22.9837599779796,22.9837599779796,22.9837599779796,22.9837599779796,22.9837599779796,22.9837599779796,22.9837599779796,22.2838416939753,22.2838416939753,22.2838416939753,22.2838416939753,22.2838416939753,22.2838416939753,22.2838416939753,,,,,,,,,,,,,,
gus026d-a1,25,23.6842105263158,15.8730158730159,7.93650793650794,9.52380952380953,14.1666666666667,30,24.0740740740741,23.8095238095238,12.5,12.280701754386,9.64912280701755,15.8333333333333,20,,,,,,,,,,,,,,,60,50,40,30,20,10,0,60,50,40,30,20,10,0,,,,,,,,,,,,,,,1,1,1,1,1,1,1,2,2,2,2,2,2,2,,,,,,,,,,,,,,,26.7800632911392,26.7800632911392,26.7800632911392,26.7800632911392,26.7800632911392,26.7800632911392,26.7800632911392,23.9889705882353,23.9889705882353,23.9889705882353,23.9889705882353,23.9889705882353,23.9889705882353,23.9889705882353,,,,,,,,,,,,,,
gus027b-a1,65.2173913043478,72.6190476190476,82.2916666666667,77.6041666666667,68.3333333333333,52.3809523809524,48.3333333333333,94.4444444444444,88.8888888888889,85.6666666666667,88.6666666666667,82.9861111111111,40.4761904761905,48.3333333333333,,,,,,,,,,,,,,,60,50,40,30,20,10,0,60,50,40,30,20,10,0,,,,,,,,,,,,,,,1,1,1,1,1,1,1,2,2,2,2,2,2,2,,,,,,,,,,,,,,,18.1650380021716,18.1650380021716,18.1650380021716,18.1650380021716,18.1650380021716,18.1650380021716,18.1650380021716,17.7267987486966,17.7267987486966,17.7267987486966,17.7267987486966,17.7267987486966,17.7267987486966,17.7267987486966,,,,,,,,,,,,,,
gus028f-c1,37.3563218390805,22.463768115942,38.5057471264368,43.4895833333333,30.3030303030303,19.6428571428571,34.5238095238095,35.4838709677419,36.4864864864865,30.7471264367816,31.6091954022988,36.4197530864198,22.5490196078431,26.9607843137255,,,,,,,,,,,,,,,60,50,40,30,20,10,0,60,50,40,30,20,10,0,,,,,,,,,,,,,,,1,1,1,1,1,1,1,2,2,2,2,2,2,2,,,,,,,,,,,,,,,22.4789555059268,22.4789555059268,22.4789555059268,22.4789555059268,22.4789555059268,22.4789555059268,22.4789555059268,22.396486825596,22.396486825596,22.396486825596,22.396486825596,22.396486825596,22.396486825596,22.396486825596,,,,,,,,,,,,,,
