cellid,rlf_count_ 1,rlf_count_ 2,rlf_count_ 3,rlf_count_ 4,rlf_count_ 5,rlf_count_ 6,rlf_count_ 7,rlf_count_ 8,rlf_count_ 9,rlf_count_10,rlf_count_11,rlf_count_12,rlf_count_13,rlf_count_14,rlf_count_15,rlf_count_16,rlf_count_17,rlf_count_18,rlf_count_19,rlf_count_20,rlf_count_21,rlf_count_22,rlf_count_23,rlf_count_24,rlf_count_25,rlf_count_26,rlf_count_27,rlf_count_28,rlf_time_ 1,rlf_time_ 2,rlf_time_ 3,rlf_time_ 4,rlf_time_ 5,rlf_time_ 6,rlf_time_ 7,rlf_time_ 8,rlf_time_ 9,rlf_time_10,rlf_time_11,rlf_time_12,rlf_time_13,rlf_time_14,rlf_time_15,rlf_time_16,rlf_time_17,rlf_time_18,rlf_time_19,rlf_time_20,rlf_time_21,rlf_time_22,rlf_time_23,rlf_time_24,rlf_time_25,rlf_time_26,rlf_time_27,rlf_time_28,freq_band_ 1,freq_band_ 2,freq_band_ 3,freq_band_ 4,freq_band_ 5,freq_band_ 6,freq_band_ 7,freq_band_ 8,freq_band_ 9,freq_band_10,freq_band_11,freq_band_12,freq_band_13,freq_band_14,freq_band_15,freq_band_16,freq_band_17,freq_band_18,freq_band_19,freq_band_20,freq_band_21,freq_band_22,freq_band_23,freq_band_24,freq_band_25,freq_band_26,freq_band_27,freq_band_28,spont_count_ 1,spont_count_ 2,spont_count_ 3,spont_count_ 4,spont_count_ 5,spont_count_ 6,spont_count_ 7,spont_count_ 8,spont_count_ 9,spont_count_10,spont_count_11,spont_count_12,spont_count_13,spont_count_14,spont_count_15,spont_count_16,spont_count_17,spont_count_18,spont_count_19,spont_count_20,spont_count_21,spont_count_22,spont_count_23,spont_count_24,spont_count_25,spont_count_26,spont_count_27,spont_count_28,spont_time_ 1,spont_time_ 2,spont_time_ 3,spont_time_ 4,spont_time_ 5,spont_time_ 6,spont_time_ 7,spont_time_ 8,spont_time_ 9,spont_time_10,spont_time_11,spont_time_12,spont_time_13,spont_time_14,spont_time_15,spont_time_16,spont_time_17,spont_time_18,spont_time_19,spont_time_20,spont_time_21,spont_time_22,spont_time_23,spont_time_24,spont_time_25,spont_time_26,spont_time_27,spont_time_28,prestim_count_ 1,prestim_count_ 2,prestim_count_ 3,prestim_count_ 4,prestim_count_ 5,prestim_count_ 6,prestim_count_ 7,prestim_count_ 8,prestim_count_ 9,prestim_count_10,prestim_count_11,prestim_count_12,prestim_count_13,prestim_count_14,prestim_count_15,prestim_count_16,prestim_count_17,prestim_count_18,prestim_count_19,prestim_count_20,prestim_count_21,prestim_count_22,prestim_count_23,prestim_count_24,prestim_count_25,prestim_count_26,prestim_count_27,prestim_count_28,prestim_time_ 1,prestim_time_ 2,prestim_time_ 3,prestim_time_ 4,prestim_time_ 5,prestim_time_ 6,prestim_time_ 7,prestim_time_ 8,prestim_time_ 9,prestim_time_10,prestim_time_11,prestim_time_12,prestim_time_13,prestim_time_14,prestim_time_15,prestim_time_16,prestim_time_17,prestim_time_18,prestim_time_19,prestim_time_20,prestim_time_21,prestim_time_22,prestim_time_23,prestim_time_24,prestim_time_25,prestim_time_26,prestim_time_27,prestim_time_28,pupil_ 1,pupil_ 2,pupil_ 3,pupil_ 4,pupil_ 5,pupil_ 6,pupil_ 7,pupil_ 8,pupil_ 9,pupil_10,pupil_11,pupil_12,pupil_13,pupil_14,pupil_15,pupil_16,pupil_17,pupil_18,pupil_19,pupil_20,pupil_21,pupil_22,pupil_23,pupil_24,pupil_25,pupil_26,pupil_27,pupil_28,level_ 1,level_ 2,level_ 3,level_ 4,level_ 5,level_ 6,level_ 7,level_ 8,level_ 9,level_10,level_11,level_12,level_13,level_14,level_15,level_16,level_17,level_18,level_19,level_20,level_21,level_22,level_23,level_24,level_25,level_26,level_27,level_28
BOL005c-04-1,55,43,24,31,14,23,19,73,67,41,32,17,19,27,,,,,,,,,,,,,,,4.77,5.18,4.92,5.35,5.62,5.26,4.61,4.83,4.42,4.44,4.25,3.98,4.34,4.99,,,,,,,,,,,,,,,0.266876472128188,0.266876472128188,0.266876472128188,0.266876472128188,0.266876472128188,0.266876472128188,0.266876472128188,0.266876472128188,0.266876472128188,0.266876472128188,0.266876472128188,0.266876472128188,0.266876472128188,0.266876472128188,,,,,,,,,,,,,,,142,142,142,142,142,142,142,320,320,320,320,320,320,320,,,,,,,,,,,,,,,66.03,66.03,66.03,66.03,66.03,66.03,66.03,85.97,85.97,85.97,85.97,85.97,85.97,85.97,,,,,,,,,,,,,,,14,12,12,17,12,27,20,31,31,20,7,19,14,14,,,,,,,,,,,,,,,4.77,5,4.78,5.34,5.43,5.38,4.67,4.83,4.6,4.58,4.26,4.17,4.22,4.93,,,,,,,,,,,,,,,1,1,1,1,1,1,1,2,2,2,2,2,2,2,,,,,,,,,,,,,,,65,55,45,35,25,15,5,65,55,45,35,25,15,5,,,,,,,,,,,,,,
BOL005c-06-1,5,1,9,0,1,2,1,4,6,5,4,3,1,6,,,,,,,,,,,,,,,7.62,6.82,7.65,7.84,7.28,7.24,7.81,6.78,7.58,6.27,6.56,7.12,7.16,6.59,,,,,,,,,,,,,,,0.533221064437637,0.533221064437637,0.533221064437637,0.533221064437637,0.533221064437637,0.533221064437637,0.533221064437637,0.533221064437637,0.533221064437637,0.533221064437637,0.533221064437637,0.533221064437637,0.533221064437637,0.533221064437637,,,,,,,,,,,,,,,38,38,38,38,38,38,38,64,64,64,64,64,64,64,,,,,,,,,,,,,,,66.03,66.03,66.03,66.03,66.03,66.03,66.03,85.97,85.97,85.97,85.97,85.97,85.97,85.97,,,,,,,,,,,,,,,3,5,6,0,5,1,1,2,6,3,6,4,4,7,,,,,,,,,,,,,,,7.48,6.82,7.54,7.81,7.51,7.19,8,6.92,7.58,6.38,6.59,6.89,7.21,6.4,,,,,,,,,,,,,,,1,1,1,1,1,1,1,2,2,2,2,2,2,2,,,,,,,,,,,,,,,65,55,45,35,25,15,5,65,55,45,35,25,15,5,,,,,,,,,,,,,,
BOL005c-09-1,5,6,3,8,4,3,1,1,2,9,5,4,6,2,,,,,,,,,,,,,,,4.77,5.18,4.92,5.35,5.62,5.26,4.61,4.83,4.42,4.44,4.25,3.98,4.34,4.99,,,,,,,,,,,,,,,0.266876472128188,0.266876472128188,0.266876472128188,0.266876472128188,0.266876472128188,0.266876472128188,0.266876472128188,0.266876472128188,0.266876472128188,0.266876472128188,0.266876472128188,0.266876472128188,0.266876472128188,0.266876472128188,,,,,,,,,,,,,,,50,50,50,50,50,50,50,68,68,68,68,68,68,68,,,,,,,,,,,,,,,66.03,66.03,66.03,66.03,66.03,66.03,66.03,85.97,85.97,85.97,85.97,85.97,85.97,85.97,,,,,,,,,,,,,,,3,7,3,7,2,3,2,5,4,5,6,7,4,5,,,,,,,,,,,,,,,4.77,5,4.78,5.34,5.43,5.38,4.67,4.83,4.6,4.58,4.26,4.17,4.22,4.93,,,,,,,,,,,,,,,1,1,1,1,1,1,1,2,2,2,2,2,2,2,,,,,,,,,,,,,,,65,55,45,35,25,15,5,65,55,45,35,25,15,5,,,,,,,,,,,,,,
BOL005c-10-1,7,7,12,11,7,12,11,1,6,13,4,9,6,9,,,,,,,,,,,,,,,7.47,7.21,7.51,6.94,8.18,7.73,6.89,6.93,7.19,6.89,7.46,6.22,6.67,7.27,,,,,,,,,,,,,,,0.533272689324,0.533272689324,0.533272689324,0.533272689324,0.533272689324,0.533272689324,0.533272689324,0.533272689324,0.533272689324,0.533272689324,0.533272689324,0.533272689324,0.533272689324,0.533272689324,,,,,,,,,,,,,,,174,174,174,174,174,174,174,272,272,272,272,272,272,272,,,,,,,,,,,,,,,66.03,66.03,66.03,66.03,66.03,66.03,66.03,85.97,85.97,85.97,85.97,85.97,85.97,85.97,,,,,,,,,,,,,,,11,11,22,10,15,11,7,11,8,8,7,13,8,9,,,,,,,,,,,,,,,7.4,7.39,7.44,7.12,8.11,7.71,6.76,7,7.01,6.96,7.28,6.29,6.69,7.4,,,,,,,,,,,,,,,1,1,1,1,1,1,1,2,2,2,2,2,2,2,,,,,,,,,,,,,,,65,55,45,35,25,15,5,65,55,45,35,25,15,5,,,,,,,,,,,,,,
BOL005c-13-1,71,91,87,76,77,70,68,91,86,88,70,47,90,92,,,,,,,,,,,,,,,4.77,5.18,4.92,5.35,5.62,5.26,4.61,4.83,4.42,4.44,4.25,3.98,4.34,4.99,,,,,,,,,,,,,,,0.266876472128188,0.266876472128188,0.266876472128188,0.266876472128188,0.266876472128188,0.266876472128188,0.266876472128188,0.266876472128188,0.266876472128188,0.266876472128188,0.266876472128188,0.266876472128188,0.266876472128188,0.266876472128188,,,,,,,,,,,,,,,1104,1104,1104,1104,1104,1104,1104,1655,1655,1655,1655,1655,1655,1655,,,,,,,,,,,,,,,66.03,66.03,66.03,66.03,66.03,66.03,66.03,85.97,85.97,85.97,85.97,85.97,85.97,85.97,,,,,,,,,,,,,,,73,71,64,101,85,91,72,86,84,84,72,78,74,93,,,,,,,,,,,,,,,4.77,5,4.78,5.34,5.43,5.38,4.67,4.83,4.6,4.58,4.26,4.17,4.22,4.93,,,,,,,,,,,,,,,1,1,1,1,1,1,1,2,2,2,2,2,2,2,,,,,,,,,,,,,,,65,55,45,35,25,15,5,65,55,45,35,25,15,5,,,,,,,,,,,,,,
BOL005c-18-1,136,158,139,125,90,76,72,90,90,90,97,58,54,50,,,,,,,,,,,,,,,7.25,7.81,7.38,7.69,8.18,8.03,7.25,7.15,6.59,6.78,6.71,6.22,6.37,7.15,,,,,,,,,,,,,,,0.533264313071792,0.533264313071792,0.533264313071792,0.533264313071792,0.533264313071792,0.533264313071792,0.533264313071792,0.533264313071792,0.533264313071792,0.533264313071792,0.533264313071792,0.533264313071792,0.533264313071792,0.533264313071792,,,,,,,,,,,,,,,422,422,422,422,422,422,422,603,603,603,603,603,603,603,,,,,,,,,,,,,,,66.03,66.03,66.03,66.03,66.03,66.03,66.03,85.97,85.97,85.97,85.97,85.97,85.97,85.97,,,,,,,,,,,,,,,76,78,73,91,75,80,54,88,63,55,60,60,59,53,,,,,,,,,,,,,,,7.22,7.57,7.21,7.68,7.97,8.14,7.3,7.18,6.83,6.95,6.72,6.43,6.26,7.1,,,,,,,,,,,,,,,1,1,1,1,1,1,1,2,2,2,2,2,2,2,,,,,,,,,,,,,,,65,55,45,35,25,15,5,65,55,45,35,25,15,5,,,,,,,,,,,,,,
BOL005c-25-1,89,104,107,120,129,120,91,60,59,82,108,112,107,111,,,,,,,,,,,,,,,7.25,7.81,7.38,7.69,8.18,8.03,7.25,7.15,6.59,6.78,6.71,6.22,6.37,7.15,,,,,,,,,,,,,,,0.533264313071792,0.533264313071792,0.533264313071792,0.533264313071792,0.533264313071792,0.533264313071792,0.533264313071792,0.533264313071792,0.533264313071792,0.533264313071792,0.533264313071792,0.533264313071792,0.533264313071792,0.533264313071792,,,,,,,,,,,,,,,1050,1050,1050,1050,1050,1050,1050,1496,1496,1496,1496,1496,1496,1496,,,,,,,,,,,,,,,66.03,66.03,66.03,66.03,66.03,66.03,66.03,85.97,85.97,85.97,85.97,85.97,85.97,85.97,,,,,,,,,,,,,,,92,111,107,128,125,123,98,106,124,102,87,110,90,98,,,,,,,,,,,,,,,7.22,7.57,7.21,7.68,7.97,8.14,7.3,7.18,6.83,6.95,6.72,6.43,6.26,7.1,,,,,,,,,,,,,,,1,1,1,1,1,1,1,2,2,2,2,2,2,2,,,,,,,,,,,,,,,65,55,45,35,25,15,5,65,55,45,35,25,15,5,,,,,,,,,,,,,,
BOL005c-27-1,106,99,90,115,89,62,54,127,98,98,99,81,68,72,,,,,,,,,,,,,,,4.77,5.18,4.92,5.35,5.62,5.26,4.61,4.83,4.42,4.44,4.25,3.98,4.34,4.99,,,,,,,,,,,,,,,0.266876472128188,0.266876472128188,0.266876472128188,0.266876472128188,0.266876472128188,0.266876472128188,0.266876472128188,0.266876472128188,0.266876472128188,0.266876472128188,0.266876472128188,0.266876472128188,0.266876472128188,0.266876472128188,,,,,,,,,,,,,,,787,787,787,787,787,787,787,1115,1115,1115,1115,1115,1115,1115,,,,,,,,,,,,,,,66.03,66.03,66.03,66.03,66.03,66.03,66.03,85.97,85.97,85.97,85.97,85.97,85.97,85.97,,,,,,,,,,,,,,,70,65,65,92,54,72,55,67,59,60,62,69,48,81,,,,,,,,,,,,,,,4.77,5,4.78,5.34,5.43,5.38,4.67,4.83,4.6,4.58,4.26,4.17,4.22,4.93,,,,,,,,,,,,,,,1,1,1,1,1,1,1,2,2,2,2,2,2,2,,,,,,,,,,,,,,,65,55,45,35,25,15,5,65,55,45,35,25,15,5,,,,,,,,,,,,,,
BOL005c-33-1,28,10,12,16,13,17,15,22,19,12,8,20,15,21,,,,,,,,,,,,,,,7.62,6.82,7.65,7.84,7.28,7.24,7.81,6.78,7.58,6.27,6.56,7.12,7.16,6.59,,,,,,,,,,,,,,,0.533221064437637,0.533221064437637,0.533221064437637,0.533221064437637,0.533221064437637,0.533221064437637,0.533221064437637,0.533221064437637,0.533221064437637,0.533221064437637,0.533221064437637,0.533221064437637,0.533221064437637,0.533221064437637,,,,,,,,,,,,,,,125,125,125,125,125,125,125,194,194,194,194,194,194,194,,,,,,,,,,,,,,,66.03,66.03,66.03,66.03,66.03,66.03,66.03,85.97,85.97,85.97,85.97,85.97,85.97,85.97,,,,,,,,,,,,,,,13,6,15,16,16,17,11,19,18,13,10,10,10,24,,,,,,,,,,,,,,,7.48,6.82,7.54,7.81,7.51,7.19,8,6.92,7.58,6.38,6.59,6.89,7.21,6.4,,,,,,,,,,,,,,,1,1,1,1,1,1,1,2,2,2,2,2,2,2,,,,,,,,,,,,,,,65,55,45,35,25,15,5,65,55,45,35,25,15,5,,,,,,,,,,,,,,
BOL005c-34-1,35,7,11,5,12,17,9,19,5,23,8,4,16,6,,,,,,,,,,,,,,,7.48,7.13,7.09,7.61,6.97,7.43,8.59,6.92,7.27,6.83,6.79,7.43,6.97,5.81,,,,,,,,,,,,,,,0.533207346968809,0.533207346968809,0.533207346968809,0.533207346968809,0.533207346968809,0.533207346968809,0.533207346968809,0.533207346968809,0.533207346968809,0.533207346968809,0.533207346968809,0.533207346968809,0.533207346968809,0.533207346968809,,,,,,,,,,,,,,,94,94,94,94,94,94,94,97,97,97,97,97,97,97,,,,,,,,,,,,,,,66.03,66.03,66.03,66.03,66.03,66.03,66.03,85.97,85.97,85.97,85.97,85.97,85.97,85.97,,,,,,,,,,,,,,,18,12,13,5,10,26,18,25,13,21,10,11,12,12,,,,,,,,,,,,,,,7.38,7.03,6.95,7.61,7.11,7.31,8.77,7.02,7.37,6.97,6.79,7.29,7.09,5.63,,,,,,,,,,,,,,,1,1,1,1,1,1,1,2,2,2,2,2,2,2,,,,,,,,,,,,,,,65,55,45,35,25,15,5,65,55,45,35,25,15,5,,,,,,,,,,,,,,
BOL005c-37-1,9,16,19,13,8,16,4,12,11,10,18,5,9,8,,,,,,,,,,,,,,,4.77,5.18,4.92,5.35,5.62,5.26,4.61,4.83,4.42,4.44,4.25,3.98,4.34,4.99,,,,,,,,,,,,,,,0.266876472128188,0.266876472128188,0.266876472128188,0.266876472128188,0.266876472128188,0.266876472128188,0.266876472128188,0.266876472128188,0.266876472128188,0.266876472128188,0.266876472128188,0.266876472128188,0.266876472128188,0.266876472128188,,,,,,,,,,,,,,,64,64,64,64,64,64,64,89,89,89,89,89,89,89,,,,,,,,,,,,,,,66.03,66.03,66.03,66.03,66.03,66.03,66.03,85.97,85.97,85.97,85.97,85.97,85.97,85.97,,,,,,,,,,,,,,,7,3,5,12,4,13,10,17,6,7,6,2,9,9,,,,,,,,,,,,,,,4.77,5,4.78,5.34,5.43,5.38,4.67,4.83,4.6,4.58,4.26,4.17,4.22,4.93,,,,,,,,,,,,,,,1,1,1,1,1,1,1,2,2,2,2,2,2,2,,,,,,,,,,,,,,,65,55,45,35,25,15,5,65,55,45,35,25,15,5,,,,,,,,,,,,,,
BOL005c-44-1,192,231,239,240,124,89,82,228,295,279,228,117,109,128,,,,,,,,,,,,,,,4.77,5.18,4.92,5.35,5.62,5.26,4.61,4.83,4.42,4.44,4.25,3.98,4.34,4.99,,,,,,,,,,,,,,,0.266876472128188,0.266876472128188,0.266876472128188,0.266876472128188,0.266876472128188,0.266876472128188,0.266876472128188,0.266876472128188,0.266876472128188,0.266876472128188,0.266876472128188,0.266876472128188,0.266876472128188,0.266876472128188,,,,,,,,,,,,,,,763,763,763,763,763,763,763,1409,1409,1409,1409,1409,1409,1409,,,,,,,,,,,,,,,66.03,66.03,66.03,66.03,66.03,66.03,66.03,85.97,85.97,85.97,85.97,85.97,85.97,85.97,,,,,,,,,,,,,,,93,96,85,113,85,115,72,130,132,101,110,134,98,111,,,,,,,,,,,,,,,4.77,5,4.78,5.34,5.43,5.38,4.67,4.83,4.6,4.58,4.26,4.17,4.22,4.93,,,,,,,,,,,,,,,1,1,1,1,1,1,1,2,2,2,2,2,2,2,,,,,,,,,,,,,,,65,55,45,35,25,15,5,65,55,45,35,25,15,5,,,,,,,,,,,,,,
BOL005c-48-1,16,12,7,3,1,6,2,12,7,9,4,2,2,1,,,,,,,,,,,,,,,7.62,6.82,7.65,7.84,7.28,7.24,7.81,6.78,7.58,6.27,6.56,7.12,7.16,6.59,,,,,,,,,,,,,,,0.533221064437637,0.533221064437637,0.533221064437637,0.533221064437637,0.533221064437637,0.533221064437637,0.533221064437637,0.533221064437637,0.533221064437637,0.533221064437637,0.533221064437637,0.533221064437637,0.533221064437637,0.533221064437637,,,,,,,,,,,,,,,21,21,21,21,21,21,21,21,21,21,21,21,21,21,,,,,,,,,,,,,,,66.03,66.03,66.03,66.03,66.03,66.03,66.03,85.97,85.97,85.97,85.97,85.97,85.97,85.97,,,,,,,,,,,,,,,3,4,4,7,3,9,1,7,9,4,4,2,3,7,,,,,,,,,,,,,,,7.48,6.82,7.54,7.81,7.51,7.19,8,6.92,7.58,6.38,6.59,6.89,7.21,6.4,,,,,,,,,,,,,,,1,1,1,1,1,1,1,2,2,2,2,2,2,2,,,,,,,,,,,,,,,65,55,45,35,25,15,5,65,55,45,35,25,15,5,,,,,,,,,,,,,,
BOL006b-02-1,1,1,5,3,5,4,7,1,3,3,2,1,4,2,,,,,,,,,,,,,,,6.68,7.08,7.41,7.07,6.7,7.27,6.92,7.72,7.08,6.99,7.33,7.7,6.89,7.48,,,,,,,,,,,,,,,0.799840868400298,0.799840868400298,0.799840868400298,0.799840868400298,0.799840868400298,0.799840868400298,0.799840868400298,0.799840868400298,0.799840868400298,0.799840868400298,0.799840868400298,0.799840868400298,0.799840868400298,0.799840868400298,,,,,,,,,,,,,,,102,102,102,102,102,102,102,46,46,46,46,46,46,46,,,,,,,,,,,,,,,76.97,76.97,76.97,76.97,76.97,76.97,76.97,75.03,75.03,75.03,75.03,75.03,75.03,75.03,,,,,,,,,,,,,,,1,4,3,3,5,7,7,3,1,3,1,3,5,9,,,,,,,,,,,,,,,6.68,7.04,7.36,6.87,6.72,7.23,7,7.72,7.12,7.04,7.53,7.68,6.93,7.4,,,,,,,,,,,,,,,1,1,1,1,1,1,1,2,2,2,2,2,2,2,,,,,,,,,,,,,,,65,55,45,35,25,15,5,65,55,45,35,25,15,5,,,,,,,,,,,,,,
BOL006b-07-1,0,0,1,0,0,0,1,0,0,0,0,0,0,1,,,,,,,,,,,,,,,6.68,7.08,7.41,7.07,6.7,7.27,6.92,7.72,7.08,6.99,7.33,7.7,6.89,7.48,,,,,,,,,,,,,,,0.799840868400298,0.799840868400298,0.799840868400298,0.799840868400298,0.799840868400298,0.799840868400298,0.799840868400298,0.799840868400298,0.799840868400298,0.799840868400298,0.799840868400298,0.799840868400298,0.799840868400298,0.799840868400298,,,,,,,,,,,,,,,8,8,8,8,8,8,8,6,6,6,6,6,6,6,,,,,,,,,,,,,,,76.97,76.97,76.97,76.97,76.97,76.97,76.97,75.03,75.03,75.03,75.03,75.03,75.03,75.03,,,,,,,,,,,,,,,1,1,1,0,0,0,0,1,0,0,1,2,0,3,,,,,,,,,,,,,,,6.68,7.04,7.36,6.87,6.72,7.23,7,7.72,7.12,7.04,7.53,7.68,6.93,7.4,,,,,,,,,,,,,,,1,1,1,1,1,1,1,2,2,2,2,2,2,2,,,,,,,,,,,,,,,65,55,45,35,25,15,5,65,55,45,35,25,15,5,,,,,,,,,,,,,,
BOL006b-11-1,0,0,0,0,0,0,0,0,0,0,0,0,0,0,,,,,,,,,,,,,,,6.68,7.08,7.41,7.07,6.7,7.27,6.92,7.72,7.08,6.99,7.33,7.7,6.89,7.48,,,,,,,,,,,,,,,0.799840868400298,0.799840868400298,0.799840868400298,0.799840868400298,0.799840868400298,0.799840868400298,0.799840868400298,0.799840868400298,0.799840868400298,0.799840868400298,0.799840868400298,0.799840868400298,0.799840868400298,0.799840868400298,,,,,,,,,,,,,,,15,15,15,15,15,15,15,4,4,4,4,4,4,4,,,,,,,,,,,,,,,76.97,76.97,76.97,76.97,76.97,76.97,76.97,75.03,75.03,75.03,75.03,75.03,75.03,75.03,,,,,,,,,,,,,,,0,0,0,0,0,0,0,0,0,0,0,0,0,0,,,,,,,,,,,,,,,6.68,7.04,7.36,6.87,6.72,7.23,7,7.72,7.12,7.04,7.53,7.68,6.93,7.4,,,,,,,,,,,,,,,1,1,1,1,1,1,1,2,2,2,2,2,2,2,,,,,,,,,,,,,,,65,55,45,35,25,15,5,65,55,45,35,25,15,5,,,,,,,,,,,,,,
BOL006b-13-1,1,1,0,0,1,1,0,0,0,0,0,0,0,0,,,,,,,,,,,,,,,6.68,7.08,7.41,7.07,6.7,7.27,6.92,7.72,7.08,6.99,7.33,7.7,6.89,7.48,,,,,,,,,,,,,,,0.799840868400298,0.799840868400298,0.799840868400298,0.799840868400298,0.799840868400298,0.799840868400298,0.799840868400298,0.799840868400298,0.799840868400298,0.799840868400298,0.799840868400298,0.799840868400298,0.799840868400298,0.799840868400298,,,,,,,,,,,,,,,9,9,9,9,9,9,9,0,0,0,0,0,0,0,,,,,,,,,,,,,,,76.97,76.97,76.97,76.97,76.97,76.97,76.97,75.03,75.03,75.03,75.03,75.03,75.03,75.03,,,,,,,,,,,,,,,6,0,1,0,0,0,0,0,0,0,0,0,0,0,,,,,,,,,,,,,,,6.68,7.04,7.36,6.87,6.72,7.23,7,7.72,7.12,7.04,7.53,7.68,6.93,7.4,,,,,,,,,,,,,,,1,1,1,1,1,1,1,2,2,2,2,2,2,2,,,,,,,,,,,,,,,65,55,45,35,25,15,5,65,55,45,35,25,15,5,,,,,,,,,,,,,,
BOL006b-16-1,338,121,71,39,59,35,46,371,175,98,69,54,54,48,,,,,,,,,,,,,,,7.43,6.51,6.74,7.15,7.5,6.45,7.26,6.97,7.89,7.42,7.25,6.66,7.95,7.14,,,,,,,,,,,,,,,0.80011561944979,0.80011561944979,0.80011561944979,0.80011561944979,0.80011561944979,0.80011561944979,0.80011561944979,0.80011561944979,0.80011561944979,0.80011561944979,0.80011561944979,0.80011561944979,0.80011561944979,0.80011561944979,,,,,,,,,,,,,,,19,19,19,19,19,19,19,31,31,31,31,31,31,31,,,,,,,,,,,,,,,76.97,76.97,76.97,76.97,76.97,76.97,76.97,75.03,75.03,75.03,75.03,75.03,75.03,75.03,,,,,,,,,,,,,,,61,41,53,43,38,35,51,74,51,86,73,38,70,65,,,,,,,,,,,,,,,7.38,6.65,6.83,6.98,7.42,6.47,7.33,7.02,7.75,7.33,7.42,6.74,7.93,7.07,,,,,,,,,,,,,,,1,1,1,1,1,1,1,2,2,2,2,2,2,2,,,,,,,,,,,,,,,65,55,45,35,25,15,5,65,55,45,35,25,15,5,,,,,,,,,,,,,,
BOL006b-18-1,27,8,2,3,13,3,2,27,18,6,13,19,8,9,,,,,,,,,,,,,,,6.9,7.32,7.7,6.8,7.09,6.83,7.1,7.26,7.08,6.7,7.12,7.07,7.09,7.06,,,,,,,,,,,,,,,0.800268176074724,0.800268176074724,0.800268176074724,0.800268176074724,0.800268176074724,0.800268176074724,0.800268176074724,0.800268176074724,0.800268176074724,0.800268176074724,0.800268176074724,0.800268176074724,0.800268176074724,0.800268176074724,,,,,,,,,,,,,,,5,5,5,5,5,5,5,6,6,6,6,6,6,6,,,,,,,,,,,,,,,76.97,76.97,76.97,76.97,76.97,76.97,76.97,75.03,75.03,75.03,75.03,75.03,75.03,75.03,,,,,,,,,,,,,,,5,3,3,2,6,4,5,10,3,4,7,12,11,6,,,,,,,,,,,,,,,6.78,7.35,7.68,6.62,6.99,6.71,6.85,7.38,7.05,6.72,7.3,7.17,7.21,7.31,,,,,,,,,,,,,,,1,1,1,1,1,1,1,2,2,2,2,2,2,2,,,,,,,,,,,,,,,65,55,45,35,25,15,5,65,55,45,35,25,15,5,,,,,,,,,,,,,,
BOL006b-18-2,234,212,200,189,158,126,226,255,272,247,229,147,161,217,,,,,,,,,,,,,,,4.68,4.65,4.97,4.66,5.4,4.3,5.02,4.68,4.95,4.63,4.94,4.2,5.3,4.34,,,,,,,,,,,,,,,0.399968177561196,0.399968177561196,0.399968177561196,0.399968177561196,0.399968177561196,0.399968177561196,0.399968177561196,0.399968177561196,0.399968177561196,0.399968177561196,0.399968177561196,0.399968177561196,0.399968177561196,0.399968177561196,,,,,,,,,,,,,,,1012,1012,1012,1012,1012,1012,1012,1495,1495,1495,1495,1495,1495,1495,,,,,,,,,,,,,,,76.97,76.97,76.97,76.97,76.97,76.97,76.97,75.03,75.03,75.03,75.03,75.03,75.03,75.03,,,,,,,,,,,,,,,159,160,238,132,180,184,215,204,193,265,183,170,201,185,,,,,,,,,,,,,,,4.71,4.61,4.99,4.65,5.37,4.47,5.09,4.65,4.99,4.61,4.95,4.23,5.13,4.27,,,,,,,,,,,,,,,1,1,1,1,1,1,1,2,2,2,2,2,2,2,,,,,,,,,,,,,,,65,55,45,35,25,15,5,65,55,45,35,25,15,5,,,,,,,,,,,,,,
BOL006b-20-1,3,3,10,7,20,90,90,2,4,7,4,18,82,96,,,,,,,,,,,,,,,6.97,7.01,7.56,6.89,6.97,7.2,6.91,7.19,7.15,6.84,7.03,7.19,6.96,7.25,,,,,,,,,,,,,,,0.800744623936777,0.800744623936777,0.800744623936777,0.800744623936777,0.800744623936777,0.800744623936777,0.800744623936777,0.800744623936777,0.800744623936777,0.800744623936777,0.800744623936777,0.800744623936777,0.800744623936777,0.800744623936777,,,,,,,,,,,,,,,1935,1935,1935,1935,1935,1935,1935,2324,2324,2324,2324,2324,2324,2324,,,,,,,,,,,,,,,76.97,76.97,76.97,76.97,76.97,76.97,76.97,75.03,75.03,75.03,75.03,75.03,75.03,75.03,,,,,,,,,,,,,,,53,76,85,54,63,55,74,74,102,81,55,86,72,94,,,,,,,,,,,,,,,6.98,7.04,7.6,6.63,6.86,7.16,6.91,7.18,7.12,6.8,7.29,7.3,7,7.25,,,,,,,,,,,,,,,1,1,1,1,1,1,1,2,2,2,2,2,2,2,,,,,,,,,,,,,,,65,55,45,35,25,15,5,65,55,45,35,25,15,5,,,,,,,,,,,,,,
BOL006b-21-1,636,515,390,248,288,227,163,749,582,472,321,385,290,251,,,,,,,,,,,,,,,6.97,7.01,7.56,6.89,6.97,7.2,6.91,7.19,7.15,6.84,7.03,7.19,6.96,7.25,,,,,,,,,,,,,,,0.800744623936777,0.800744623936777,0.800744623936777,0.800744623936777,0.800744623936777,0.800744623936777,0.800744623936777,0.800744623936777,0.800744623936777,0.800744623936777,0.800744623936777,0.800744623936777,0.800744623936777,0.800744623936777,,,,,,,,,,,,,,,1056,1056,1056,1056,1056,1056,1056,2117,2117,2117,2117,2117,2117,2117,,,,,,,,,,,,,,,76.97,76.97,76.97,76.97,76.97,76.97,76.97,75.03,75.03,75.03,75.03,75.03,75.03,75.03,,,,,,,,,,,,,,,242,210,203,249,245,223,206,336,246,283,317,333,328,283,,,,,,,,,,,,,,,6.98,7.04,7.6,6.63,6.86,7.16,6.91,7.18,7.12,6.8,7.29,7.3,7,7.25,,,,,,,,,,,,,,,1,1,1,1,1,1,1,2,2,2,2,2,2,2,,,,,,,,,,,,,,,65,55,45,35,25,15,5,65,55,45,35,25,15,5,,,,,,,,,,,,,,
BOL006b-22-1,5,9,32,38,98,116,111,6,8,27,49,77,123,104,,,,,,,,,,,,,,,6.9,7.32,7.7,6.8,7.09,6.83,7.1,7.26,7.08,6.7,7.12,7.07,7.09,7.06,,,,,,,,,,,,,,,0.800268176074724,0.800268176074724,0.800268176074724,0.800268176074724,0.800268176074724,0.800268176074724,0.800268176074724,0.800268176074724,0.800268176074724,0.800268176074724,0.800268176074724,0.800268176074724,0.800268176074724,0.800268176074724,,,,,,,,,,,,,,,1945,1945,1945,1945,1945,1945,1945,2202,2202,2202,2202,2202,2202,2202,,,,,,,,,,,,,,,76.97,76.97,76.97,76.97,76.97,76.97,76.97,75.03,75.03,75.03,75.03,75.03,75.03,75.03,,,,,,,,,,,,,,,98,109,126,77,93,102,96,112,107,106,80,73,109,109,,,,,,,,,,,,,,,6.78,7.35,7.68,6.62,6.99,6.71,6.85,7.38,7.05,6.72,7.3,7.17,7.21,7.31,,,,,,,,,,,,,,,1,1,1,1,1,1,1,2,2,2,2,2,2,2,,,,,,,,,,,,,,,65,55,45,35,25,15,5,65,55,45,35,25,15,5,,,,,,,,,,,,,,
BOL006b-24-1,3,2,4,5,6,10,8,9,4,2,10,2,4,9,,,,,,,,,,,,,,,7.35,6.12,6.91,7.34,6.94,7.01,6.89,7.05,8.28,7.49,7.06,7.46,6.91,7.27,,,,,,,,,,,,,,,0.798584712429872,0.798584712429872,0.798584712429872,0.798584712429872,0.798584712429872,0.798584712429872,0.798584712429872,0.798584712429872,0.798584712429872,0.798584712429872,0.798584712429872,0.798584712429872,0.798584712429872,0.798584712429872,,,,,,,,,,,,,,,157,157,157,157,157,157,157,238,238,238,238,238,238,238,,,,,,,,,,,,,,,76.97,76.97,76.97,76.97,76.97,76.97,76.97,75.03,75.03,75.03,75.03,75.03,75.03,75.03,,,,,,,,,,,,,,,7,2,7,12,4,11,6,5,6,12,9,10,7,14,,,,,,,,,,,,,,,7.34,6.28,6.95,7.22,6.87,7.01,6.88,7.06,8.12,7.45,7.18,7.53,6.91,7.28,,,,,,,,,,,,,,,1,1,1,1,1,1,1,2,2,2,2,2,2,2,,,,,,,,,,,,,,,65,55,45,35,25,15,5,65,55,45,35,25,15,5,,,,,,,,,,,,,,
BOL006b-30-1,4,8,5,13,4,3,3,1,11,7,11,2,1,4,,,,,,,,,,,,,,,6.9,7.32,7.7,6.8,7.09,6.83,7.1,7.26,7.08,6.7,7.12,7.07,7.09,7.06,,,,,,,,,,,,,,,0.800268176074724,0.800268176074724,0.800268176074724,0.800268176074724,0.800268176074724,0.800268176074724,0.800268176074724,0.800268176074724,0.800268176074724,0.800268176074724,0.800268176074724,0.800268176074724,0.800268176074724,0.800268176074724,,,,,,,,,,,,,,,4,4,4,4,4,4,4,10,10,10,10,10,10,10,,,,,,,,,,,,,,,76.97,76.97,76.97,76.97,76.97,76.97,76.97,75.03,75.03,75.03,75.03,75.03,75.03,75.03,,,,,,,,,,,,,,,3,0,2,2,1,1,1,0,3,1,2,3,5,0,,,,,,,,,,,,,,,6.78,7.35,7.68,6.62,6.99,6.71,6.85,7.38,7.05,6.72,7.3,7.17,7.21,7.31,,,,,,,,,,,,,,,1,1,1,1,1,1,1,2,2,2,2,2,2,2,,,,,,,,,,,,,,,65,55,45,35,25,15,5,65,55,45,35,25,15,5,,,,,,,,,,,,,,
BOL006b-34-1,8,1,1,6,7,4,3,15,10,9,13,8,6,6,,,,,,,,,,,,,,,6.68,7.08,7.41,7.07,6.7,7.27,6.92,7.72,7.08,6.99,7.33,7.7,6.89,7.48,,,,,,,,,,,,,,,0.799840868400298,0.799840868400298,0.799840868400298,0.799840868400298,0.799840868400298,0.799840868400298,0.799840868400298,0.799840868400298,0.799840868400298,0.799840868400298,0.799840868400298,0.799840868400298,0.799840868400298,0.799840868400298,,,,,,,,,,,,,,,169,169,169,169,169,169,169,157,157,157,157,157,157,157,,,,,,,,,,,,,,,76.97,76.97,76.97,76.97,76.97,76.97,76.97,75.03,75.03,75.03,75.03,75.03,75.03,75.03,,,,,,,,,,,,,,,3,2,4,3,2,3,0,5,3,7,6,7,7,7,,,,,,,,,,,,,,,6.68,7.04,7.36,6.87,6.72,7.23,7,7.72,7.12,7.04,7.53,7.68,6.93,7.4,,,,,,,,,,,,,,,1,1,1,1,1,1,1,2,2,2,2,2,2,2,,,,,,,,,,,,,,,65,55,45,35,25,15,5,65,55,45,35,25,15,5,,,,,,,,,,,,,,
BOL006b-36-1,34,78,88,130,115,48,46,47,63,88,129,104,50,51,,,,,,,,,,,,,,,6.63,6.64,6.77,7.59,7.31,7.41,6.84,7.77,7.52,7.63,6.81,7.09,6.99,7.56,,,,,,,,,,,,,,,0.799525129572227,0.799525129572227,0.799525129572227,0.799525129572227,0.799525129572227,0.799525129572227,0.799525129572227,0.799525129572227,0.799525129572227,0.799525129572227,0.799525129572227,0.799525129572227,0.799525129572227,0.799525129572227,,,,,,,,,,,,,,,527,527,527,527,527,527,527,378,378,378,378,378,378,378,,,,,,,,,,,,,,,76.97,76.97,76.97,76.97,76.97,76.97,76.97,75.03,75.03,75.03,75.03,75.03,75.03,75.03,,,,,,,,,,,,,,,64,66,58,63,63,45,53,65,50,58,58,46,46,43,,,,,,,,,,,,,,,6.74,6.54,6.66,7.47,7.52,7.19,7.08,7.66,7.62,7.74,6.93,6.88,7.21,7.32,,,,,,,,,,,,,,,1,1,1,1,1,1,1,2,2,2,2,2,2,2,,,,,,,,,,,,,,,65,55,45,35,25,15,5,65,55,45,35,25,15,5,,,,,,,,,,,,,,
BOL006b-37-1,23,25,54,94,137,70,70,39,33,67,89,155,88,80,,,,,,,,,,,,,,,6.68,7.08,7.41,7.07,6.7,7.27,6.92,7.72,7.08,6.99,7.33,7.7,6.89,7.48,,,,,,,,,,,,,,,0.799840868400298,0.799840868400298,0.799840868400298,0.799840868400298,0.799840868400298,0.799840868400298,0.799840868400298,0.799840868400298,0.799840868400298,0.799840868400298,0.799840868400298,0.799840868400298,0.799840868400298,0.799840868400298,,,,,,,,,,,,,,,733,733,733,733,733,733,733,892,892,892,892,892,892,892,,,,,,,,,,,,,,,76.97,76.97,76.97,76.97,76.97,76.97,76.97,75.03,75.03,75.03,75.03,75.03,75.03,75.03,,,,,,,,,,,,,,,63,65,73,59,62,70,72,76,66,63,54,82,76,79,,,,,,,,,,,,,,,6.68,7.04,7.36,6.87,6.72,7.23,7,7.72,7.12,7.04,7.53,7.68,6.93,7.4,,,,,,,,,,,,,,,1,1,1,1,1,1,1,2,2,2,2,2,2,2,,,,,,,,,,,,,,,65,55,45,35,25,15,5,65,55,45,35,25,15,5,,,,,,,,,,,,,,
BOL006b-42-1,94,123,135,126,108,77,66,100,121,136,125,130,86,72,,,,,,,,,,,,,,,6.68,7.08,7.41,7.07,6.7,7.27,6.92,7.72,7.08,6.99,7.33,7.7,6.89,7.48,,,,,,,,,,,,,,,0.799840868400298,0.799840868400298,0.799840868400298,0.799840868400298,0.799840868400298,0.799840868400298,0.799840868400298,0.799840868400298,0.799840868400298,0.799840868400298,0.799840868400298,0.799840868400298,0.799840868400298,0.799840868400298,,,,,,,,,,,,,,,838,838,838,838,838,838,838,716,716,716,716,716,716,716,,,,,,,,,,,,,,,76.97,76.97,76.97,76.97,76.97,76.97,76.97,75.03,75.03,75.03,75.03,75.03,75.03,75.03,,,,,,,,,,,,,,,67,67,73,75,61,72,71,85,77,65,78,65,76,72,,,,,,,,,,,,,,,6.68,7.04,7.36,6.87,6.72,7.23,7,7.72,7.12,7.04,7.53,7.68,6.93,7.4,,,,,,,,,,,,,,,1,1,1,1,1,1,1,2,2,2,2,2,2,2,,,,,,,,,,,,,,,65,55,45,35,25,15,5,65,55,45,35,25,15,5,,,,,,,,,,,,,,
BOL006b-43-1,62,70,49,74,45,26,97,44,55,53,82,35,31,68,,,,,,,,,,,,,,,4.68,4.65,4.97,4.66,5.4,4.3,5.02,4.68,4.95,4.63,4.94,4.2,5.3,4.34,,,,,,,,,,,,,,,0.399968177561196,0.399968177561196,0.399968177561196,0.399968177561196,0.399968177561196,0.399968177561196,0.399968177561196,0.399968177561196,0.399968177561196,0.399968177561196,0.399968177561196,0.399968177561196,0.399968177561196,0.399968177561196,,,,,,,,,,,,,,,63,63,63,63,63,63,63,39,39,39,39,39,39,39,,,,,,,,,,,,,,,76.97,76.97,76.97,76.97,76.97,76.97,76.97,75.03,75.03,75.03,75.03,75.03,75.03,75.03,,,,,,,,,,,,,,,49,63,113,44,51,60,71,71,55,91,45,60,57,41,,,,,,,,,,,,,,,4.71,4.61,4.99,4.65,5.37,4.47,5.09,4.65,4.99,4.61,4.95,4.23,5.13,4.27,,,,,,,,,,,,,,,1,1,1,1,1,1,1,2,2,2,2,2,2,2,,,,,,,,,,,,,,,65,55,45,35,25,15,5,65,55,45,35,25,15,5,,,,,,,,,,,,,,
BOL006b-44-1,291,401,482,564,419,214,184,321,407,521,561,519,221,197,,,,,,,,,,,,,,,6.68,7.08,7.41,7.07,6.7,7.27,6.92,7.72,7.08,6.99,7.33,7.7,6.89,7.48,,,,,,,,,,,,,,,0.799840868400298,0.799840868400298,0.799840868400298,0.799840868400298,0.799840868400298,0.799840868400298,0.799840868400298,0.799840868400298,0.799840868400298,0.799840868400298,0.799840868400298,0.799840868400298,0.799840868400298,0.799840868400298,,,,,,,,,,,,,,,1303,1303,1303,1303,1303,1303,1303,1267,1267,1267,1267,1267,1267,1267,,,,,,,,,,,,,,,76.97,76.97,76.97,76.97,76.97,76.97,76.97,75.03,75.03,75.03,75.03,75.03,75.03,75.03,,,,,,,,,,,,,,,176,174,191,208,180,157,193,235,185,231,249,212,215,201,,,,,,,,,,,,,,,6.68,7.04,7.36,6.87,6.72,7.23,7,7.72,7.12,7.04,7.53,7.68,6.93,7.4,,,,,,,,,,,,,,,1,1,1,1,1,1,1,2,2,2,2,2,2,2,,,,,,,,,,,,,,,65,55,45,35,25,15,5,65,55,45,35,25,15,5,,,,,,,,,,,,,,
BOL006b-48-1,464,521,512,448,289,222,186,484,553,485,446,335,222,220,,,,,,,,,,,,,,,6.97,7.01,7.56,6.89,6.97,7.2,6.91,7.19,7.15,6.84,7.03,7.19,6.96,7.25,,,,,,,,,,,,,,,0.800744623936777,0.800744623936777,0.800744623936777,0.800744623936777,0.800744623936777,0.800744623936777,0.800744623936777,0.800744623936777,0.800744623936777,0.800744623936777,0.800744623936777,0.800744623936777,0.800744623936777,0.800744623936777,,,,,,,,,,,,,,,1733,1733,1733,1733,1733,1733,1733,1740,1740,1740,1740,1740,1740,1740,,,,,,,,,,,,,,,76.97,76.97,76.97,76.97,76.97,76.97,76.97,75.03,75.03,75.03,75.03,75.03,75.03,75.03,,,,,,,,,,,,,,,230,193,203,205,207,193,187,247,214,219,238,220,197,188,,,,,,,,,,,,,,,6.98,7.04,7.6,6.63,6.86,7.16,6.91,7.18,7.12,6.8,7.29,7.3,7,7.25,,,,,,,,,,,,,,,1,1,1,1,1,1,1,2,2,2,2,2,2,2,,,,,,,,,,,,,,,65,55,45,35,25,15,5,65,55,45,35,25,15,5,,,,,,,,,,,,,,
BOL006b-55-1,145,167,172,180,214,123,80,203,195,198,189,206,149,121,,,,,,,,,,,,,,,6.9,7.32,7.7,6.8,7.09,6.83,7.1,7.26,7.08,6.7,7.12,7.07,7.09,7.06,,,,,,,,,,,,,,,0.800268176074724,0.800268176074724,0.800268176074724,0.800268176074724,0.800268176074724,0.800268176074724,0.800268176074724,0.800268176074724,0.800268176074724,0.800268176074724,0.800268176074724,0.800268176074724,0.800268176074724,0.800268176074724,,,,,,,,,,,,,,,1584,1584,1584,1584,1584,1584,1584,1933,1933,1933,1933,1933,1933,1933,,,,,,,,,,,,,,,76.97,76.97,76.97,76.97,76.97,76.97,76.97,75.03,75.03,75.03,75.03,75.03,75.03,75.03,,,,,,,,,,,,,,,106,112,108,118,92,110,120,124,129,101,93,101,117,150,,,,,,,,,,,,,,,6.78,7.35,7.68,6.62,6.99,6.71,6.85,7.38,7.05,6.72,7.3,7.17,7.21,7.31,,,,,,,,,,,,,,,1,1,1,1,1,1,1,2,2,2,2,2,2,2,,,,,,,,,,,,,,,65,55,45,35,25,15,5,65,55,45,35,25,15,5,,,,,,,,,,,,,,
BOL006b-58-1,48,58,49,91,104,75,76,29,46,62,63,96,87,64,,,,,,,,,,,,,,,6.66,7.28,6.89,7.37,7.28,7.38,7.03,7.74,7.12,7.51,6.79,6.4,6.78,7.37,,,,,,,,,,,,,,,0.799721597155177,0.799721597155177,0.799721597155177,0.799721597155177,0.799721597155177,0.799721597155177,0.799721597155177,0.799721597155177,0.799721597155177,0.799721597155177,0.799721597155177,0.799721597155177,0.799721597155177,0.799721597155177,,,,,,,,,,,,,,,395,395,395,395,395,395,395,328,328,328,328,328,328,328,,,,,,,,,,,,,,,76.97,76.97,76.97,76.97,76.97,76.97,76.97,75.03,75.03,75.03,75.03,75.03,75.03,75.03,,,,,,,,,,,,,,,74,100,73,83,92,42,75,72,69,57,66,69,44,93,,,,,,,,,,,,,,,6.79,7.07,6.76,7.3,7.43,7.22,7.16,7.61,7.33,7.64,6.86,6.25,6.94,7.24,,,,,,,,,,,,,,,1,1,1,1,1,1,1,2,2,2,2,2,2,2,,,,,,,,,,,,,,,65,55,45,35,25,15,5,65,55,45,35,25,15,5,,,,,,,,,,,,,,
BOL006b-58-2,410,366,408,353,307,142,145,458,392,412,374,378,155,167,,,,,,,,,,,,,,,6.97,7.01,7.56,6.89,6.97,7.2,6.91,7.19,7.15,6.84,7.03,7.19,6.96,7.25,,,,,,,,,,,,,,,0.800744623936777,0.800744623936777,0.800744623936777,0.800744623936777,0.800744623936777,0.800744623936777,0.800744623936777,0.800744623936777,0.800744623936777,0.800744623936777,0.800744623936777,0.800744623936777,0.800744623936777,0.800744623936777,,,,,,,,,,,,,,,264,264,264,264,264,264,264,427,427,427,427,427,427,427,,,,,,,,,,,,,,,76.97,76.97,76.97,76.97,76.97,76.97,76.97,75.03,75.03,75.03,75.03,75.03,75.03,75.03,,,,,,,,,,,,,,,167,141,107,142,168,102,117,197,141,114,203,175,138,134,,,,,,,,,,,,,,,6.98,7.04,7.6,6.63,6.86,7.16,6.91,7.18,7.12,6.8,7.29,7.3,7,7.25,,,,,,,,,,,,,,,1,1,1,1,1,1,1,2,2,2,2,2,2,2,,,,,,,,,,,,,,,65,55,45,35,25,15,5,65,55,45,35,25,15,5,,,,,,,,,,,,,,
BOL006b-60-1,22,34,82,62,28,13,13,39,45,64,70,37,13,15,,,,,,,,,,,,,,,6.97,7.01,7.56,6.89,6.97,7.2,6.91,7.19,7.15,6.84,7.03,7.19,6.96,7.25,,,,,,,,,,,,,,,0.800744623936777,0.800744623936777,0.800744623936777,0.800744623936777,0.800744623936777,0.800744623936777,0.800744623936777,0.800744623936777,0.800744623936777,0.800744623936777,0.800744623936777,0.800744623936777,0.800744623936777,0.800744623936777,,,,,,,,,,,,,,,35,35,35,35,35,35,35,50,50,50,50,50,50,50,,,,,,,,,,,,,,,76.97,76.97,76.97,76.97,76.97,76.97,76.97,75.03,75.03,75.03,75.03,75.03,75.03,75.03,,,,,,,,,,,,,,,15,14,14,19,17,20,15,25,14,15,23,20,17,14,,,,,,,,,,,,,,,6.98,7.04,7.6,6.63,6.86,7.16,6.91,7.18,7.12,6.8,7.29,7.3,7,7.25,,,,,,,,,,,,,,,1,1,1,1,1,1,1,2,2,2,2,2,2,2,,,,,,,,,,,,,,,65,55,45,35,25,15,5,65,55,45,35,25,15,5,,,,,,,,,,,,,,
BOL006b-64-1,74,42,68,65,29,35,89,45,60,82,41,63,51,98,,,,,,,,,,,,,,,7.43,6.51,6.74,7.15,7.5,6.45,7.26,6.97,7.89,7.42,7.25,6.66,7.95,7.14,,,,,,,,,,,,,,,0.80011561944979,0.80011561944979,0.80011561944979,0.80011561944979,0.80011561944979,0.80011561944979,0.80011561944979,0.80011561944979,0.80011561944979,0.80011561944979,0.80011561944979,0.80011561944979,0.80011561944979,0.80011561944979,,,,,,,,,,,,,,,12,12,12,12,12,12,12,8,8,8,8,8,8,8,,,,,,,,,,,,,,,76.97,76.97,76.97,76.97,76.97,76.97,76.97,75.03,75.03,75.03,75.03,75.03,75.03,75.03,,,,,,,,,,,,,,,51,55,57,50,55,64,36,42,70,49,47,63,69,49,,,,,,,,,,,,,,,7.38,6.65,6.83,6.98,7.42,6.47,7.33,7.02,7.75,7.33,7.42,6.74,7.93,7.07,,,,,,,,,,,,,,,1,1,1,1,1,1,1,2,2,2,2,2,2,2,,,,,,,,,,,,,,,65,55,45,35,25,15,5,65,55,45,35,25,15,5,,,,,,,,,,,,,,
TAR010c-02-1,168,175,159,163,153,160,173,105,99,117,118,123,125,120,,,,,,,,,,,,,,,5.62,5.3,5.51,5.21,5.15,5.56,5.78,5.18,5.5,5.29,5.59,5.65,5.24,5.02,,,,,,,,,,,,,,,0.322892785689532,0.322892785689532,0.322892785689532,0.322892785689532,0.322892785689532,0.322892785689532,0.322892785689532,0.322892785689532,0.322892785689532,0.322892785689532,0.322892785689532,0.322892785689532,0.322892785689532,0.322892785689532,,,,,,,,,,,,,,,3312,3312,3312,3312,3312,3312,3312,2263,2263,2263,2263,2263,2263,2263,,,,,,,,,,,,,,,114.45,114.45,114.45,114.45,114.45,114.45,114.45,113.55,113.55,113.55,113.55,113.55,113.55,113.55,,,,,,,,,,,,,,,159,151,166,146,152,146,170,123,109,126,132,141,117,116,,,,,,,,,,,,,,,5.61,5.38,5.57,5.19,5.16,5.57,5.73,5.19,5.42,5.23,5.61,5.64,5.23,5.07,,,,,,,,,,,,,,,1,1,1,1,1,1,1,2,2,2,2,2,2,2,,,,,,,,,,,,,,,60,50,40,30,20,10,0,60,50,40,30,20,10,0,,,,,,,,,,,,,,
TAR010c-15-4,3,14,6,11,4,10,10,0,1,0,1,2,8,1,,,,,,,,,,,,,,,3.92,3.55,3.7,3.29,3.76,3.6,3.18,3.28,3.65,3.5,3.91,3.44,3.6,4.02,,,,,,,,,,,,,,,0.161249881666861,0.161249881666861,0.161249881666861,0.161249881666861,0.161249881666861,0.161249881666861,0.161249881666861,0.161249881666861,0.161249881666861,0.161249881666861,0.161249881666861,0.161249881666861,0.161249881666861,0.161249881666861,,,,,,,,,,,,,,,335,335,335,335,335,335,335,121,121,121,121,121,121,121,,,,,,,,,,,,,,,114.45,114.45,114.45,114.45,114.45,114.45,114.45,113.55,113.55,113.55,113.55,113.55,113.55,113.55,,,,,,,,,,,,,,,14,11,13,6,5,5,2,5,0,0,4,2,0,1,,,,,,,,,,,,,,,3.81,3.61,3.78,3.35,3.68,3.76,3.24,3.39,3.59,3.42,3.85,3.52,3.44,3.96,,,,,,,,,,,,,,,1,1,1,1,1,1,1,2,2,2,2,2,2,2,,,,,,,,,,,,,,,60,50,40,30,20,10,0,60,50,40,30,20,10,0,,,,,,,,,,,,,,
TAR010c-16-1,21,7,7,10,4,3,10,11,11,9,13,1,4,4,,,,,,,,,,,,,,,5.62,5.3,5.51,5.21,5.15,5.56,5.78,5.18,5.5,5.29,5.59,5.65,5.24,5.02,,,,,,,,,,,,,,,0.322892785689532,0.322892785689532,0.322892785689532,0.322892785689532,0.322892785689532,0.322892785689532,0.322892785689532,0.322892785689532,0.322892785689532,0.322892785689532,0.322892785689532,0.322892785689532,0.322892785689532,0.322892785689532,,,,,,,,,,,,,,,151,151,151,151,151,151,151,94,94,94,94,94,94,94,,,,,,,,,,,,,,,114.45,114.45,114.45,114.45,114.45,114.45,114.45,113.55,113.55,113.55,113.55,113.55,113.55,113.55,,,,,,,,,,,,,,,16,7,2,4,7,6,6,7,5,4,3,7,3,0,,,,,,,,,,,,,,,5.61,5.38,5.57,5.19,5.16,5.57,5.73,5.19,5.42,5.23,5.61,5.64,5.23,5.07,,,,,,,,,,,,,,,1,1,1,1,1,1,1,2,2,2,2,2,2,2,,,,,,,,,,,,,,,60,50,40,30,20,10,0,60,50,40,30,20,10,0,,,,,,,,,,,,,,
TAR010c-24-2,117,94,71,17,25,14,24,161,140,65,15,36,14,31,,,,,,,,,,,,,,,6.2,5.11,5.87,5.86,5.22,5.95,4.86,4.6,5.51,4.93,4.94,5.58,4.67,5.94,,,,,,,,,,,,,,,0.323614471515249,0.323614471515249,0.323614471515249,0.323614471515249,0.323614471515249,0.323614471515249,0.323614471515249,0.323614471515249,0.323614471515249,0.323614471515249,0.323614471515249,0.323614471515249,0.323614471515249,0.323614471515249,,,,,,,,,,,,,,,14,14,14,14,14,14,14,18,18,18,18,18,18,18,,,,,,,,,,,,,,,114.45,114.45,114.45,114.45,114.45,114.45,114.45,113.55,113.55,113.55,113.55,113.55,113.55,113.55,,,,,,,,,,,,,,,14,11,31,30,9,13,10,9,29,36,26,29,17,24,,,,,,,,,,,,,,,6.22,5.2,5.87,5.88,5.3,5.71,4.72,4.58,5.42,4.93,4.92,5.5,4.91,6.08,,,,,,,,,,,,,,,1,1,1,1,1,1,1,2,2,2,2,2,2,2,,,,,,,,,,,,,,,60,50,40,30,20,10,0,60,50,40,30,20,10,0,,,,,,,,,,,,,,
TAR010c-29-1,264,179,190,179,120,88,87,205,223,171,152,95,70,77,,,,,,,,,,,,,,,5.6,4.56,5.51,6.16,5.27,5.59,5.25,5.2,6.06,5.29,4.64,5.53,5.03,5.55,,,,,,,,,,,,,,,0.323437979945,0.323437979945,0.323437979945,0.323437979945,0.323437979945,0.323437979945,0.323437979945,0.323437979945,0.323437979945,0.323437979945,0.323437979945,0.323437979945,0.323437979945,0.323437979945,,,,,,,,,,,,,,,1291,1291,1291,1291,1291,1291,1291,1284,1284,1284,1284,1284,1284,1284,,,,,,,,,,,,,,,114.45,114.45,114.45,114.45,114.45,114.45,114.45,113.55,113.55,113.55,113.55,113.55,113.55,113.55,,,,,,,,,,,,,,,84,63,101,102,87,101,85,79,114,82,61,71,59,71,,,,,,,,,,,,,,,5.62,4.6,5.54,6.18,5.25,5.41,5.24,5.18,6.02,5.26,4.62,5.55,5.21,5.56,,,,,,,,,,,,,,,1,1,1,1,1,1,1,2,2,2,2,2,2,2,,,,,,,,,,,,,,,60,50,40,30,20,10,0,60,50,40,30,20,10,0,,,,,,,,,,,,,,
TAR010c-35-2,63,42,54,52,105,81,69,41,25,34,50,60,64,85,,,,,,,,,,,,,,,5.25,4.74,6.05,5.15,5.9,5,4.98,5.55,6.06,4.75,5.47,4.9,5.8,5.82,,,,,,,,,,,,,,,0.322915421052526,0.322915421052526,0.322915421052526,0.322915421052526,0.322915421052526,0.322915421052526,0.322915421052526,0.322915421052526,0.322915421052526,0.322915421052526,0.322915421052526,0.322915421052526,0.322915421052526,0.322915421052526,,,,,,,,,,,,,,,1920,1920,1920,1920,1920,1920,1920,2241,2241,2241,2241,2241,2241,2241,,,,,,,,,,,,,,,114.45,114.45,114.45,114.45,114.45,114.45,114.45,113.55,113.55,113.55,113.55,113.55,113.55,113.55,,,,,,,,,,,,,,,61,53,77,82,94,81,72,96,86,52,83,71,74,86,,,,,,,,,,,,,,,5.23,4.76,6.16,5.31,6,5.06,5,5.57,6.04,4.64,5.31,4.8,5.74,5.8,,,,,,,,,,,,,,,1,1,1,1,1,1,1,2,2,2,2,2,2,2,,,,,,,,,,,,,,,60,50,40,30,20,10,0,60,50,40,30,20,10,0,,,,,,,,,,,,,,
TAR010c-36-1,2,4,4,7,17,26,10,0,4,3,11,6,5,2,,,,,,,,,,,,,,,5.79,5.14,5.68,5.57,4.97,5.8,5.48,5.01,5.66,5.12,5.23,5.83,5,5.32,,,,,,,,,,,,,,,0.321496731439422,0.321496731439422,0.321496731439422,0.321496731439422,0.321496731439422,0.321496731439422,0.321496731439422,0.321496731439422,0.321496731439422,0.321496731439422,0.321496731439422,0.321496731439422,0.321496731439422,0.321496731439422,,,,,,,,,,,,,,,284,284,284,284,284,284,284,91,91,91,91,91,91,91,,,,,,,,,,,,,,,114.45,114.45,114.45,114.45,114.45,114.45,114.45,113.55,113.55,113.55,113.55,113.55,113.55,113.55,,,,,,,,,,,,,,,29,11,20,9,5,12,10,1,10,2,3,6,3,3,,,,,,,,,,,,,,,5.72,5.27,5.7,5.53,4.95,5.83,5.43,5.08,5.53,5.1,5.27,5.85,4.97,5.37,,,,,,,,,,,,,,,1,1,1,1,1,1,1,2,2,2,2,2,2,2,,,,,,,,,,,,,,,60,50,40,30,20,10,0,60,50,40,30,20,10,0,,,,,,,,,,,,,,
TAR010c-36-2,173,91,78,108,65,61,55,129,109,88,110,81,46,40,,,,,,,,,,,,,,,5.12,4.82,5.7,5.75,4.8,5.88,5.72,5.68,5.8,5.1,5.05,6,4.92,5.08,,,,,,,,,,,,,,,0.321928094887362,0.321928094887362,0.321928094887362,0.321928094887362,0.321928094887362,0.321928094887362,0.321928094887362,0.321928094887362,0.321928094887362,0.321928094887362,0.321928094887362,0.321928094887362,0.321928094887362,0.321928094887362,,,,,,,,,,,,,,,556,556,556,556,556,556,556,717,717,717,717,717,717,717,,,,,,,,,,,,,,,114.45,114.45,114.45,114.45,114.45,114.45,114.45,113.55,113.55,113.55,113.55,113.55,113.55,113.55,,,,,,,,,,,,,,,36,24,48,42,44,65,44,64,67,66,36,69,35,42,,,,,,,,,,,,,,,5.2,4.8,5.78,5.81,4.84,5.87,5.76,5.6,5.82,5.02,4.99,5.96,4.93,5.04,,,,,,,,,,,,,,,1,1,1,1,1,1,1,2,2,2,2,2,2,2,,,,,,,,,,,,,,,60,50,40,30,20,10,0,60,50,40,30,20,10,0,,,,,,,,,,,,,,
TAR010c-43-2,258,176,149,205,148,115,108,305,237,255,235,158,120,140,,,,,,,,,,,,,,,5.64,5.54,4.88,5.75,5.64,5.86,5.46,5.16,5.26,5.74,5.05,5.16,4.94,5.34,,,,,,,,,,,,,,,0.322236659756657,0.322236659756657,0.322236659756657,0.322236659756657,0.322236659756657,0.322236659756657,0.322236659756657,0.322236659756657,0.322236659756657,0.322236659756657,0.322236659756657,0.322236659756657,0.322236659756657,0.322236659756657,,,,,,,,,,,,,,,736,736,736,736,736,736,736,833,833,833,833,833,833,833,,,,,,,,,,,,,,,114.45,114.45,114.45,114.45,114.45,114.45,114.45,113.55,113.55,113.55,113.55,113.55,113.55,113.55,,,,,,,,,,,,,,,82,94,79,78,92,134,121,113,123,132,102,129,129,129,,,,,,,,,,,,,,,5.62,5.46,4.92,5.79,5.67,5.7,5.46,5.18,5.34,5.7,5.01,5.13,5.1,5.34,,,,,,,,,,,,,,,1,1,1,1,1,1,1,2,2,2,2,2,2,2,,,,,,,,,,,,,,,60,50,40,30,20,10,0,60,50,40,30,20,10,0,,,,,,,,,,,,,,
eno048f-b1,333,391,398,422,475,400,450,440,518,588,,,,,,,,,,,,,,,,,,,14.5,14.16,14.14,14.55,14.59,14.3,13.68,14.18,14.25,14.21,,,,,,,,,,,,,,,,,,,0.53335227459196,0.53335227459196,0.53335227459196,0.53335227459196,0.53335227459196,0.53335227459196,0.53335227459196,0.53335227459196,0.53335227459196,0.53335227459196,,,,,,,,,,,,,,,,,,,1016,1016,1016,1016,1016,1284,1284,1284,1284,1284,,,,,,,,,,,,,,,,,,,30,30,30,30,30,34,34,34,34,34,,,,,,,,,,,,,,,,,,,497,480,405,414,464,531,534,499,514,536,,,,,,,,,,,,,,,,,,,14.44,13.9,14.01,14.48,14.59,14.36,13.94,14.31,14.32,14.21,,,,,,,,,,,,,,,,,,,1,1,1,1,1,2,2,2,2,2,,,,,,,,,,,,,,,,,,,60,50,40,30,20,60,50,40,30,20,,,,,,,,,,,,,,,,,,
eno048g-b1,3,2,0,1,0,1,1,1,0,0,,,,,,,,,,,,,,,,,,,7.28,7.49,7.33,7.25,6.59,7.12,6.91,6.83,7.15,7.57,,,,,,,,,,,,,,,,,,,0.533221064437637,0.533221064437637,0.533221064437637,0.533221064437637,0.533221064437637,0.533221064437637,0.533221064437637,0.533221064437637,0.533221064437637,0.533221064437637,,,,,,,,,,,,,,,,,,,1,1,1,1,1,0,0,0,0,0,,,,,,,,,,,,,,,,,,,13.99,13.99,13.99,13.99,13.99,18.01,18.01,18.01,18.01,18.01,,,,,,,,,,,,,,,,,,,0,2,0,1,0,0,1,1,0,1,,,,,,,,,,,,,,,,,,,7.18,7.61,7.19,7.47,6.47,7.22,6.79,6.97,6.93,7.69,,,,,,,,,,,,,,,,,,,1,1,1,1,1,2,2,2,2,2,,,,,,,,,,,,,,,,,,,60,50,40,30,20,60,50,40,30,20,,,,,,,,,,,,,,,,,,
eno048g-c1,10,9,14,17,27,16,16,10,12,15,,,,,,,,,,,,,,,,,,,7.11,7.28,7.03,7.56,7.29,7.29,7.12,7.13,6.84,7.11,,,,,,,,,,,,,,,,,,,0.533354668483741,0.533354668483741,0.533354668483741,0.533354668483741,0.533354668483741,0.533354668483741,0.533354668483741,0.533354668483741,0.533354668483741,0.533354668483741,,,,,,,,,,,,,,,,,,,87,87,87,87,87,58,58,58,58,58,,,,,,,,,,,,,,,,,,,13.99,13.99,13.99,13.99,13.99,18.01,18.01,18.01,18.01,18.01,,,,,,,,,,,,,,,,,,,39,34,26,30,31,25,33,28,30,21,,,,,,,,,,,,,,,,,,,7.44,7.27,6.95,7.75,7.29,6.96,7.13,7.21,6.65,7.11,,,,,,,,,,,,,,,,,,,1,1,1,1,1,2,2,2,2,2,,,,,,,,,,,,,,,,,,,60,50,40,30,20,60,50,40,30,20,,,,,,,,,,,,,,,,,,
eno048g-d1,6,8,7,16,13,3,4,6,9,7,,,,,,,,,,,,,,,,,,,7.67,6.43,6.92,7.29,6.9,6.73,7.49,7.24,7.11,7.5,,,,,,,,,,,,,,,,,,,0.53335227459196,0.53335227459196,0.53335227459196,0.53335227459196,0.53335227459196,0.53335227459196,0.53335227459196,0.53335227459196,0.53335227459196,0.53335227459196,,,,,,,,,,,,,,,,,,,3,3,3,3,3,0,0,0,0,0,,,,,,,,,,,,,,,,,,,13.99,13.99,13.99,13.99,13.99,18.01,18.01,18.01,18.01,18.01,,,,,,,,,,,,,,,,,,,13,13,18,14,13,9,14,14,13,7,,,,,,,,,,,,,,,,,,,7.41,6.36,6.85,7.18,7.09,6.99,7.56,7.31,7.22,7.31,,,,,,,,,,,,,,,,,,,1,1,1,1,1,2,2,2,2,2,,,,,,,,,,,,,,,,,,,60,50,40,30,20,60,50,40,30,20,,,,,,,,,,,,,,,,,,
eno048h-a1,319,283,342,317,298,397,392,397,474,430,,,,,,,,,,,,,,,,,,,14.43,14.29,14.78,14.36,14.38,14.37,14.51,13.54,14.44,13.94,,,,,,,,,,,,,,,,,,,0.533207346968809,0.533207346968809,0.533207346968809,0.533207346968809,0.533207346968809,0.533207346968809,0.533207346968809,0.533207346968809,0.533207346968809,0.533207346968809,,,,,,,,,,,,,,,,,,,464,464,464,464,464,872,872,872,872,872,,,,,,,,,,,,,,,,,,,30.27,30.27,30.27,30.27,30.27,33.73,33.73,33.73,33.73,33.73,,,,,,,,,,,,,,,,,,,310,221,324,290,272,412,417,383,420,364,,,,,,,,,,,,,,,,,,,14.28,14.22,14.76,14.32,14.37,14.52,14.58,13.56,14.48,13.95,,,,,,,,,,,,,,,,,,,1,1,1,1,1,2,2,2,2,2,,,,,,,,,,,,,,,,,,,60,50,40,30,20,60,50,40,30,20,,,,,,,,,,,,,,,,,,
eno048h-b1,26,18,11,21,46,4,6,4,12,23,,,,,,,,,,,,,,,,,,,14.33,14,13.84,14.48,14.72,14.47,14.8,14.48,14.32,14.08,,,,,,,,,,,,,,,,,,,0.533365234364822,0.533365234364822,0.533365234364822,0.533365234364822,0.533365234364822,0.533365234364822,0.533365234364822,0.533365234364822,0.533365234364822,0.533365234364822,,,,,,,,,,,,,,,,,,,37,37,37,37,37,7,7,7,7,7,,,,,,,,,,,,,,,,,,,30.27,30.27,30.27,30.27,30.27,33.73,33.73,33.73,33.73,33.73,,,,,,,,,,,,,,,,,,,13,23,27,15,13,3,2,8,7,13,,,,,,,,,,,,,,,,,,,14.42,14.13,13.77,14.61,14.71,14.38,14.67,14.55,14.19,14.09,,,,,,,,,,,,,,,,,,,1,1,1,1,1,2,2,2,2,2,,,,,,,,,,,,,,,,,,,60,50,40,30,20,60,50,40,30,20,,,,,,,,,,,,,,,,,,
eno050c-a1,277,293,274,249,244,301,340,275,291,261,,,,,,,,,,,,,,,,,,,21.82,20.99,21.8,21.5,21.72,21.38,22.21,20.68,21.7,20.76,,,,,,,,,,,,,,,,,,,0.533221064437637,0.533221064437637,0.533221064437637,0.533221064437637,0.533221064437637,0.533221064437637,0.533221064437637,0.533221064437637,0.533221064437637,0.533221064437637,,,,,,,,,,,,,,,,,,,216,216,216,216,216,246,246,246,246,246,,,,,,,,,,,,,,,,,,,45.26,45.26,45.26,45.26,45.26,50.74,50.74,50.74,50.74,50.74,,,,,,,,,,,,,,,,,,,124,128,121,130,105,112,141,111,138,120,,,,,,,,,,,,,,,,,,,21.19,20.87,21.82,21.6,21.61,22.01,22.33,20.66,21.6,20.87,,,,,,,,,,,,,,,,,,,1,1,1,1,1,2,2,2,2,2,,,,,,,,,,,,,,,,,,,60,50,40,30,20,60,50,40,30,20,,,,,,,,,,,,,,,,,,
eno050d-c1,604,531,445,420,371,556,538,525,475,440,,,,,,,,,,,,,,,,,,,7.75,7.81,6.58,7.41,7.28,6.65,6.59,7.58,6.99,7.12,,,,,,,,,,,,,,,,,,,0.533365234364822,0.533365234364822,0.533365234364822,0.533365234364822,0.533365234364822,0.533365234364822,0.533365234364822,0.533365234364822,0.533365234364822,0.533365234364822,,,,,,,,,,,,,,,,,,,286,286,286,286,286,501,501,501,501,501,,,,,,,,,,,,,,,,,,,14.61,14.61,14.61,14.61,14.61,17.39,17.39,17.39,17.39,17.39,,,,,,,,,,,,,,,,,,,265,271,216,212,232,252,269,296,299,285,,,,,,,,,,,,,,,,,,,7.78,7.82,6.55,7.15,7.13,6.62,6.58,7.61,7.25,7.27,,,,,,,,,,,,,,,,,,,1,1,1,1,1,2,2,2,2,2,,,,,,,,,,,,,,,,,,,60,50,40,30,20,60,50,40,30,20,,,,,,,,,,,,,,,,,,
eno050e-a1,5,2,11,0,3,11,9,14,9,10,,,,,,,,,,,,,,,,,,,10.62,11.43,11.44,10.94,11.19,12.06,10.89,11.24,11.74,11.25,,,,,,,,,,,,,,,,,,,0.533341808486741,0.533341808486741,0.533341808486741,0.533341808486741,0.533341808486741,0.533341808486741,0.533341808486741,0.533341808486741,0.533341808486741,0.533341808486741,,,,,,,,,,,,,,,,,,,12,12,12,12,12,152,152,152,152,152,,,,,,,,,,,,,,,,,,,27,27,27,27,27,23,23,23,23,23,,,,,,,,,,,,,,,,,,,4,1,5,1,2,30,21,19,21,27,,,,,,,,,,,,,,,,,,,10.63,11.44,11.43,10.9,11.11,12.05,10.88,11.25,11.78,11.33,,,,,,,,,,,,,,,,,,,1,1,1,1,1,2,2,2,2,2,,,,,,,,,,,,,,,,,,,60,50,40,30,20,60,50,40,30,20,,,,,,,,,,,,,,,,,,
eno050e-c1,104,109,101,80,126,188,207,151,152,148,,,,,,,,,,,,,,,,,,,11.34,10.71,10.82,10.67,11.4,10.86,11.79,11.44,12.01,11.16,,,,,,,,,,,,,,,,,,,0.533354668483741,0.533354668483741,0.533354668483741,0.533354668483741,0.533354668483741,0.533354668483741,0.533354668483741,0.533354668483741,0.533354668483741,0.533354668483741,,,,,,,,,,,,,,,,,,,31,31,31,31,31,3,3,3,3,3,,,,,,,,,,,,,,,,,,,27,27,27,27,27,23,23,23,23,23,,,,,,,,,,,,,,,,,,,53,109,60,69,67,99,140,100,152,118,,,,,,,,,,,,,,,,,,,11.38,10.74,10.86,10.68,11.39,10.82,11.76,11.4,12,11.17,,,,,,,,,,,,,,,,,,,1,1,1,1,1,2,2,2,2,2,,,,,,,,,,,,,,,,,,,60,50,40,30,20,60,50,40,30,20,,,,,,,,,,,,,,,,,,
eno050e-d1,102,71,53,16,10,170,173,139,105,92,,,,,,,,,,,,,,,,,,,11.58,10.65,11.16,10.86,10.8,11.04,11.25,10.92,11.82,12.3,,,,,,,,,,,,,,,,,,,0.53335227459196,0.53335227459196,0.53335227459196,0.53335227459196,0.53335227459196,0.53335227459196,0.53335227459196,0.53335227459196,0.53335227459196,0.53335227459196,,,,,,,,,,,,,,,,,,,16,16,16,16,16,152,152,152,152,152,,,,,,,,,,,,,,,,,,,27,27,27,27,27,23,23,23,23,23,,,,,,,,,,,,,,,,,,,8,18,6,21,12,116,92,121,86,92,,,,,,,,,,,,,,,,,,,11.62,10.66,11.19,10.86,10.89,11,11.24,10.89,11.82,12.21,,,,,,,,,,,,,,,,,,,1,1,1,1,1,2,2,2,2,2,,,,,,,,,,,,,,,,,,,60,50,40,30,20,60,50,40,30,20,,,,,,,,,,,,,,,,,,
eno051h-b1,263,225,213,197,198,268,200,196,161,172,,,,,,,,,,,,,,,,,,,10.97,11.16,10.86,11.4,11.28,11.71,11.46,11.16,11.22,11.16,,,,,,,,,,,,,,,,,,,0.533354668483741,0.533354668483741,0.533354668483741,0.533354668483741,0.533354668483741,0.533354668483741,0.533354668483741,0.533354668483741,0.533354668483741,0.533354668483741,,,,,,,,,,,,,,,,,,,268,268,268,268,268,299,299,299,299,299,,,,,,,,,,,,,,,,,,,24.37,24.37,24.37,24.37,24.37,25.63,25.63,25.63,25.63,25.63,,,,,,,,,,,,,,,,,,,151,163,152,147,150,138,133,120,117,109,,,,,,,,,,,,,,,,,,,10.94,11.16,10.86,11.4,11.28,11.74,11.46,11.16,11.22,11.16,,,,,,,,,,,,,,,,,,,1,1,1,1,1,2,2,2,2,2,,,,,,,,,,,,,,,,,,,60,50,40,30,20,60,50,40,30,20,,,,,,,,,,,,,,,,,,
eno051h-b2,3,2,4,5,3,6,9,12,9,17,,,,,,,,,,,,,,,,,,,11.21,11.16,10.68,11.22,11.04,11.59,11.22,10.92,11.22,11.34,,,,,,,,,,,,,,,,,,,0.533336355427269,0.533336355427269,0.533336355427269,0.533336355427269,0.533336355427269,0.533336355427269,0.533336355427269,0.533336355427269,0.533336355427269,0.533336355427269,,,,,,,,,,,,,,,,,,,48,48,48,48,48,104,104,104,104,104,,,,,,,,,,,,,,,,,,,24.37,24.37,24.37,24.37,24.37,25.63,25.63,25.63,25.63,25.63,,,,,,,,,,,,,,,,,,,4,7,3,5,7,31,22,22,23,28,,,,,,,,,,,,,,,,,,,11.18,11.16,10.71,11.22,11.04,11.62,11.22,10.89,11.22,11.34,,,,,,,,,,,,,,,,,,,1,1,1,1,1,2,2,2,2,2,,,,,,,,,,,,,,,,,,,60,50,40,30,20,60,50,40,30,20,,,,,,,,,,,,,,,,,,
eno052b-a1,349,394,370,421,427,513,491,515,507,591,,,,,,,,,,,,,,,,,,,21.52,21.77,20.71,21.59,20.8,21.68,21.43,21.77,21.61,21.68,,,,,,,,,,,,,,,,,,,0.53336026997018,0.53336026997018,0.53336026997018,0.53336026997018,0.53336026997018,0.53336026997018,0.53336026997018,0.53336026997018,0.53336026997018,0.53336026997018,,,,,,,,,,,,,,,,,,,463,463,463,463,463,413,413,413,413,413,,,,,,,,,,,,,,,,,,,49.71,49.71,49.71,49.71,49.71,46.29,46.29,46.29,46.29,46.29,,,,,,,,,,,,,,,,,,,267,234,243,253,210,223,187,256,258,230,,,,,,,,,,,,,,,,,,,21.59,21.76,20.65,21.58,20.8,21.61,21.44,21.83,21.62,21.68,,,,,,,,,,,,,,,,,,,1,1,1,1,1,2,2,2,2,2,,,,,,,,,,,,,,,,,,,60,50,40,30,20,60,50,40,30,20,,,,,,,,,,,,,,,,,,
eno052b-b1,353,339,275,275,222,507,464,376,439,339,,,,,,,,,,,,,,,,,,,22.01,21.25,21.07,21.48,20.7,21.19,21.95,21.41,21.72,21.78,,,,,,,,,,,,,,,,,,,0.533221064437637,0.533221064437637,0.533221064437637,0.533221064437637,0.533221064437637,0.533221064437637,0.533221064437637,0.533221064437637,0.533221064437637,0.533221064437637,,,,,,,,,,,,,,,,,,,86,86,86,86,86,56,56,56,56,56,,,,,,,,,,,,,,,,,,,49.71,49.71,49.71,49.71,49.71,46.29,46.29,46.29,46.29,46.29,,,,,,,,,,,,,,,,,,,139,100,123,98,120,148,148,189,166,146,,,,,,,,,,,,,,,,,,,21.9,21.14,20.98,21.52,20.69,21.3,22.06,21.5,21.68,21.79,,,,,,,,,,,,,,,,,,,1,1,1,1,1,2,2,2,2,2,,,,,,,,,,,,,,,,,,,60,50,40,30,20,60,50,40,30,20,,,,,,,,,,,,,,,,,,
eno052b-c1,86,105,120,146,151,104,107,146,154,144,,,,,,,,,,,,,,,,,,,21.52,21.77,20.71,21.59,20.8,21.68,21.43,21.77,21.61,21.68,,,,,,,,,,,,,,,,,,,0.53336026997018,0.53336026997018,0.53336026997018,0.53336026997018,0.53336026997018,0.53336026997018,0.53336026997018,0.53336026997018,0.53336026997018,0.53336026997018,,,,,,,,,,,,,,,,,,,333,333,333,333,333,319,319,319,319,319,,,,,,,,,,,,,,,,,,,49.71,49.71,49.71,49.71,49.71,46.29,46.29,46.29,46.29,46.29,,,,,,,,,,,,,,,,,,,190,210,187,175,179,190,191,169,183,216,,,,,,,,,,,,,,,,,,,21.59,21.76,20.65,21.58,20.8,21.61,21.44,21.83,21.62,21.68,,,,,,,,,,,,,,,,,,,1,1,1,1,1,2,2,2,2,2,,,,,,,,,,,,,,,,,,,60,50,40,30,20,60,50,40,30,20,,,,,,,,,,,,,,,,,,
eno052d-c1,531,457,389,327,268,520,425,351,340,251,,,,,,,,,,,,,,,,,,,14.75,14.05,14.59,14.45,14.44,14.05,14.75,13.73,14.35,14.36,,,,,,,,,,,,,,,,,,,0.533354668483741,0.533354668483741,0.533354668483741,0.533354668483741,0.533354668483741,0.533354668483741,0.533354668483741,0.533354668483741,0.533354668483741,0.533354668483741,,,,,,,,,,,,,,,,,,,414,414,414,414,414,87,87,87,87,87,,,,,,,,,,,,,,,,,,,31.3,31.3,31.3,31.3,31.3,32.7,32.7,32.7,32.7,32.7,,,,,,,,,,,,,,,,,,,216,222,246,246,237,158,169,159,167,203,,,,,,,,,,,,,,,,,,,14.6,14.01,14.55,14.27,14.48,14.2,14.79,13.77,14.53,14.32,,,,,,,,,,,,,,,,,,,1,1,1,1,1,2,2,2,2,2,,,,,,,,,,,,,,,,,,,60,50,40,30,20,60,50,40,30,20,,,,,,,,,,,,,,,,,,
eno053d-a1,313,396,391,363,334,292,351,402,380,319,,,,,,,,,,,,,,,,,,,14.61,14.96,14.28,14.28,14.33,14.19,13.84,14.52,14.52,14.47,,,,,,,,,,,,,,,,,,,0.533341808486741,0.533341808486741,0.533341808486741,0.533341808486741,0.533341808486741,0.533341808486741,0.533341808486741,0.533341808486741,0.533341808486741,0.533341808486741,,,,,,,,,,,,,,,,,,,341,341,341,341,341,437,437,437,437,437,,,,,,,,,,,,,,,,,,,30.81,30.81,30.81,30.81,30.81,33.19,33.19,33.19,33.19,33.19,,,,,,,,,,,,,,,,,,,315,331,289,275,300,299,315,317,313,317,,,,,,,,,,,,,,,,,,,14.78,14.71,14.35,14.28,13.83,14.02,14.09,14.45,14.52,14.97,,,,,,,,,,,,,,,,,,,1,1,1,1,1,2,2,2,2,2,,,,,,,,,,,,,,,,,,,60,50,40,30,20,60,50,40,30,20,,,,,,,,,,,,,,,,,,
eno053d-c1,191,205,155,193,167,118,149,120,111,104,,,,,,,,,,,,,,,,,,,14.59,14.76,14.32,14.83,14.68,14.21,14.04,14,13.97,14.12,,,,,,,,,,,,,,,,,,,0.533354668483741,0.533354668483741,0.533354668483741,0.533354668483741,0.533354668483741,0.533354668483741,0.533354668483741,0.533354668483741,0.533354668483741,0.533354668483741,,,,,,,,,,,,,,,,,,,314,314,314,314,314,211,211,211,211,211,,,,,,,,,,,,,,,,,,,30.81,30.81,30.81,30.81,30.81,33.19,33.19,33.19,33.19,33.19,,,,,,,,,,,,,,,,,,,166,177,180,192,193,107,120,119,111,102,,,,,,,,,,,,,,,,,,,14.68,14.45,14.08,14.47,14.73,14.12,14.35,14.24,14.33,14.07,,,,,,,,,,,,,,,,,,,1,1,1,1,1,2,2,2,2,2,,,,,,,,,,,,,,,,,,,60,50,40,30,20,60,50,40,30,20,,,,,,,,,,,,,,,,,,
eno053d-c3,16,10,18,9,13,0,1,1,2,1,,,,,,,,,,,,,,,,,,,6.96,7.4,7.33,7.11,7.15,7.44,7,6.83,7.29,7.01,,,,,,,,,,,,,,,,,,,0.533221064437637,0.533221064437637,0.533221064437637,0.533221064437637,0.533221064437637,0.533221064437637,0.533221064437637,0.533221064437637,0.533221064437637,0.533221064437637,,,,,,,,,,,,,,,,,,,7,7,7,7,7,8,8,8,8,8,,,,,,,,,,,,,,,,,,,15.82,15.82,15.82,15.82,15.82,16.18,16.18,16.18,16.18,16.18,,,,,,,,,,,,,,,,,,,20,11,16,14,14,6,3,1,2,0,,,,,,,,,,,,,,,,,,,6.92,7.4,7.1,7.17,7.14,7.48,7,7.06,7.23,7.02,,,,,,,,,,,,,,,,,,,1,1,1,1,1,2,2,2,2,2,,,,,,,,,,,,,,,,,,,60,50,40,30,20,60,50,40,30,20,,,,,,,,,,,,,,,,,,
eno053f-a1,57,76,76,99,96,109,112,117,171,173,,,,,,,,,,,,,,,,,,,13.03,13.93,12.86,12.44,12.81,12.89,12.17,13,13.84,13.11,,,,,,,,,,,,,,,,,,,0.533207346968809,0.533207346968809,0.533207346968809,0.533207346968809,0.533207346968809,0.533207346968809,0.533207346968809,0.533207346968809,0.533207346968809,0.533207346968809,,,,,,,,,,,,,,,,,,,564,564,564,564,564,1158,1158,1158,1158,1158,,,,,,,,,,,,,,,,,,,28.44,28.44,28.44,28.44,28.44,29.56,29.56,29.56,29.56,29.56,,,,,,,,,,,,,,,,,,,143,167,141,158,125,224,215,197,277,248,,,,,,,,,,,,,,,,,,,12.84,13.94,12.8,12.49,12.75,13.08,12.16,13.06,13.79,13.17,,,,,,,,,,,,,,,,,,,1,1,1,1,1,2,2,2,2,2,,,,,,,,,,,,,,,,,,,60,50,40,30,20,60,50,40,30,20,,,,,,,,,,,,,,,,,,
eno053f-c1,121,123,122,127,133,167,166,158,149,138,,,,,,,,,,,,,,,,,,,7.14,7.13,6.8,7.19,7.44,7.26,7.27,7.36,7.21,6.96,,,,,,,,,,,,,,,,,,,0.533354668483741,0.533354668483741,0.533354668483741,0.533354668483741,0.533354668483741,0.533354668483741,0.533354668483741,0.533354668483741,0.533354668483741,0.533354668483741,,,,,,,,,,,,,,,,,,,232,232,232,232,232,270,270,270,270,270,,,,,,,,,,,,,,,,,,,15.97,15.97,15.97,15.97,15.97,16.03,16.03,16.03,16.03,16.03,,,,,,,,,,,,,,,,,,,120,107,118,123,129,130,139,143,130,143,,,,,,,,,,,,,,,,,,,7.14,7.18,6.82,7.2,7.44,7.26,7.22,7.34,7.2,6.96,,,,,,,,,,,,,,,,,,,1,1,1,1,1,2,2,2,2,2,,,,,,,,,,,,,,,,,,,60,50,40,30,20,60,50,40,30,20,,,,,,,,,,,,,,,,,,
eno053f-d1,13,26,13,26,35,48,31,36,53,69,,,,,,,,,,,,,,,,,,,12.64,12.91,12.78,13.08,13.48,13.16,13.19,13.02,13.2,12.68,,,,,,,,,,,,,,,,,,,0.533354668483741,0.533354668483741,0.533354668483741,0.533354668483741,0.533354668483741,0.533354668483741,0.533354668483741,0.533354668483741,0.533354668483741,0.533354668483741,,,,,,,,,,,,,,,,,,,77,77,77,77,77,163,163,163,163,163,,,,,,,,,,,,,,,,,,,28.44,28.44,28.44,28.44,28.44,29.56,29.56,29.56,29.56,29.56,,,,,,,,,,,,,,,,,,,61,46,34,86,51,120,97,114,126,92,,,,,,,,,,,,,,,,,,,12.48,13.02,12.71,13.37,13.47,13.32,13.08,13.09,12.91,12.69,,,,,,,,,,,,,,,,,,,1,1,1,1,1,2,2,2,2,2,,,,,,,,,,,,,,,,,,,60,50,40,30,20,60,50,40,30,20,,,,,,,,,,,,,,,,,,
eno054c-b1,44,20,16,20,13,22,21,11,15,9,,,,,,,,,,,,,,,,,,,10.68,11.3,11.63,11.23,11.03,11.52,10.72,10.39,11.21,11.35,,,,,,,,,,,,,,,,,,,0.533336355427269,0.533336355427269,0.533336355427269,0.533336355427269,0.533336355427269,0.533336355427269,0.533336355427269,0.533336355427269,0.533336355427269,0.533336355427269,,,,,,,,,,,,,,,,,,,93,93,93,93,93,71,71,71,71,71,,,,,,,,,,,,,,,,,,,23.73,23.73,23.73,23.73,23.73,26.27,26.27,26.27,26.27,26.27,,,,,,,,,,,,,,,,,,,20,21,18,12,18,19,31,21,12,17,,,,,,,,,,,,,,,,,,,10.77,11.22,11.53,11.01,11.06,11.43,10.8,10.49,11.43,11.32,,,,,,,,,,,,,,,,,,,1,1,1,1,1,2,2,2,2,2,,,,,,,,,,,,,,,,,,,60,50,40,30,20,60,50,40,30,20,,,,,,,,,,,,,,,,,,
eno060c-a1,36,47,7,34,30,31,25,6,26,20,8,12,13,7,10,25,44,25,24,13,24,0,14,19,4,13,15,8,0.44,0.47,0.09,0.52,0.48,0.36,0.34,0.12,0.48,0.44,0.35,0.48,0.36,0.3,0.1,0.25,0.51,0.38,0.3,0.24,0.32,0,0.3,0.28,0.25,0.54,0.72,0.12,0.387142514718487,0.387142514718487,0.387142514718487,0.387142514718487,0.387142514718487,0.387142514718487,0.387142514718487,0.387142514718487,0.387142514718487,0.387142514718487,0.387142514718487,0.387142514718487,0.387142514718487,0.387142514718487,0.387142514718487,0.387142514718487,0.387142514718487,0.387142514718487,0.387142514718487,0.387142514718487,0.387142514718487,0.387142514718487,0.387142514718487,0.387142514718487,0.387142514718487,0.387142514718487,0.387142514718487,0.387142514718487,48,48,48,48,48,48,48,48,48,48,48,48,48,48,81,81,81,81,81,81,81,81,81,81,81,81,81,81,12.33,12.33,12.33,12.33,12.33,12.33,12.33,12.33,12.33,12.33,12.33,12.33,12.33,12.33,15.67,15.67,15.67,15.67,15.67,15.67,15.67,15.67,15.67,15.67,15.67,15.67,15.67,15.67,7,9,1,15,16,10,5,4,14,7,14,5,9,9,3,6,10,10,7,11,7,0,10,4,6,13,12,2,0.43,0.48,0.1,0.55,0.48,0.36,0.36,0.12,0.42,0.43,0.3,0.48,0.4,0.3,0.11,0.24,0.5,0.35,0.3,0.24,0.3,0,0.36,0.29,0.3,0.54,0.68,0.12,1,1,1,1,1,1,1,1,1,1,1,1,1,1,2,2,2,2,2,2,2,2,2,2,2,2,2,2,65,60,55,50,45,40,35,30,25,20,15,10,5,0,65,60,55,50,45,40,35,30,25,20,15,10,5,0
eno060d-a1,1,2,2,0,0,0,3,2,2,0,2,1,6,1,0,1,5,1,1,0,0,0,1,1,2,0,1,0,0.36,0.16,0.42,0.3,0.48,0.31,0.42,0.24,0.6,0.36,0.3,0.43,0.54,0.12,0.12,0.38,0.36,0.3,0.36,0.29,0.18,0.36,0.24,0.36,0.48,0.29,0.36,0.24,0.387204723082266,0.387204723082266,0.387204723082266,0.387204723082266,0.387204723082266,0.387204723082266,0.387204723082266,0.387204723082266,0.387204723082266,0.387204723082266,0.387204723082266,0.387204723082266,0.387204723082266,0.387204723082266,0.387204723082266,0.387204723082266,0.387204723082266,0.387204723082266,0.387204723082266,0.387204723082266,0.387204723082266,0.387204723082266,0.387204723082266,0.387204723082266,0.387204723082266,0.387204723082266,0.387204723082266,0.387204723082266,102,102,102,102,102,102,102,102,102,102,102,102,102,102,97,97,97,97,97,97,97,97,97,97,97,97,97,97,12.9,12.9,12.9,12.9,12.9,12.9,12.9,12.9,12.9,12.9,12.9,12.9,12.9,12.9,17.1,17.1,17.1,17.1,17.1,17.1,17.1,17.1,17.1,17.1,17.1,17.1,17.1,17.1,1,1,1,3,0,1,0,1,2,0,0,2,1,0,0,0,3,1,3,1,0,1,1,0,0,2,3,2,0.27,0.18,0.41,0.3,0.35,0.3,0.42,0.24,0.54,0.33,0.3,0.4,0.53,0.12,0.21,0.36,0.37,0.3,0.49,0.3,0.18,0.36,0.3,0.39,0.48,0.32,0.37,0.24,1,1,1,1,1,1,1,1,1,1,1,1,1,1,2,2,2,2,2,2,2,2,2,2,2,2,2,2,65,60,55,50,45,40,35,30,25,20,15,10,5,0,65,60,55,50,45,40,35,30,25,20,15,10,5,0
eno060e-a1,108,107,62,91,74,73,56,73,73,60,54,78,74,56,91,90,53,77,64,103,103,87,54,62,52,39,70,64,1.91,2.16,2.34,2.16,1.92,1.5,1.95,2.04,1.86,2.28,1.92,2.16,1.98,1.91,2.11,2.22,1.86,1.92,2.46,2.22,2.49,2.16,2.34,2.1,2.28,1.68,2.22,2.17,0.386558583199246,0.386558583199246,0.386558583199246,0.386558583199246,0.386558583199246,0.386558583199246,0.386558583199246,0.386558583199246,0.386558583199246,0.386558583199246,0.386558583199246,0.386558583199246,0.386558583199246,0.386558583199246,0.386558583199246,0.386558583199246,0.386558583199246,0.386558583199246,0.386558583199246,0.386558583199246,0.386558583199246,0.386558583199246,0.386558583199246,0.386558583199246,0.386558583199246,0.386558583199246,0.386558583199246,0.386558583199246,2128,2128,2128,2128,2128,2128,2128,2128,2128,2128,2128,2128,2128,2128,1740,1740,1740,1740,1740,1740,1740,1740,1740,1740,1740,1740,1740,1740,83.53,83.53,83.53,83.53,83.53,83.53,83.53,83.53,83.53,83.53,83.53,83.53,83.53,83.53,86.47,86.47,86.47,86.47,86.47,86.47,86.47,86.47,86.47,86.47,86.47,86.47,86.47,86.47,65,83,79,68,70,36,53,59,64,57,45,81,71,59,57,70,32,54,54,58,69,84,61,59,64,35,73,56,1.92,2.16,2.34,2.12,1.92,1.5,1.92,2.04,1.89,2.23,1.98,2.16,1.98,1.86,2.1,2.22,1.86,1.96,2.46,2.22,2.52,2.16,2.31,2.15,2.22,1.68,2.22,2.22,1,1,1,1,1,1,1,1,1,1,1,1,1,1,2,2,2,2,2,2,2,2,2,2,2,2,2,2,65,60,55,50,45,40,35,30,25,20,15,10,5,0,65,60,55,50,45,40,35,30,25,20,15,10,5,0
eno062c-a1,3,5,1,7,8,15,20,22,14,15,10,10,10,17,9,13,8,10,6,14,15,18,23,13,30,22,27,24,1.68,1.83,1.9,1.66,2.21,1.8,1.98,1.86,1.5,2.16,1.46,1.63,1.63,1.58,1.56,1.53,1.46,1.34,1.21,1.62,1.44,1.44,1.74,1.02,1.96,1.49,1.85,1.72,0.387362540835996,0.387362540835996,0.387362540835996,0.387362540835996,0.387362540835996,0.387362540835996,0.387362540835996,0.387362540835996,0.387362540835996,0.387362540835996,0.387362540835996,0.387362540835996,0.387362540835996,0.387362540835996,0.387362540835996,0.387362540835996,0.387362540835996,0.387362540835996,0.387362540835996,0.387362540835996,0.387362540835996,0.387362540835996,0.387362540835996,0.387362540835996,0.387362540835996,0.387362540835996,0.387362540835996,0.387362540835996,281,281,281,281,281,281,281,281,281,281,281,281,281,281,681,681,681,681,681,681,681,681,681,681,681,681,681,681,63.18,63.18,63.18,63.18,63.18,63.18,63.18,63.18,63.18,63.18,63.18,63.18,63.18,63.18,74.82,74.82,74.82,74.82,74.82,74.82,74.82,74.82,74.82,74.82,74.82,74.82,74.82,74.82,22,7,16,17,9,18,15,17,18,15,16,10,12,15,21,22,23,27,19,21,20,13,27,11,33,19,22,17,1.73,1.74,1.82,1.62,2.05,1.77,1.89,1.9,1.54,2.16,1.4,1.74,1.69,1.5,1.51,1.62,1.54,1.38,1.37,1.65,1.53,1.4,1.7,1.02,2.02,1.38,1.79,1.8,1,1,1,1,1,1,1,1,1,1,1,1,1,1,2,2,2,2,2,2,2,2,2,2,2,2,2,2,65,60,55,50,45,40,35,30,25,20,15,10,5,0,65,60,55,50,45,40,35,30,25,20,15,10,5,0
eno062d-a1,20,20,17,16,13,12,7,12,8,18,14,16,10,12,18,24,34,16,28,11,12,36,31,14,35,30,30,37,1.56,1.49,1.43,1.5,1.32,1.46,1.68,1.23,1.14,1.65,1.33,1.41,1.28,1.44,1.5,1.57,1.39,1.38,1.8,1.42,1.14,1.77,1.86,0.99,1.73,1.53,1.48,1.26,0.193572822990122,0.193572822990122,0.193572822990122,0.193572822990122,0.193572822990122,0.193572822990122,0.193572822990122,0.193572822990122,0.193572822990122,0.193572822990122,0.193572822990122,0.193572822990122,0.193572822990122,0.193572822990122,0.193572822990122,0.193572822990122,0.193572822990122,0.193572822990122,0.193572822990122,0.193572822990122,0.193572822990122,0.193572822990122,0.193572822990122,0.193572822990122,0.193572822990122,0.193572822990122,0.193572822990122,0.193572822990122,633,633,633,633,633,633,633,633,633,633,633,633,633,633,1288,1288,1288,1288,1288,1288,1288,1288,1288,1288,1288,1288,1288,1288,89.45,89.45,89.45,89.45,89.45,89.45,89.45,89.45,89.45,89.45,89.45,89.45,89.45,89.45,90.55,90.55,90.55,90.55,90.55,90.55,90.55,90.55,90.55,90.55,90.55,90.55,90.55,90.55,18,23,10,16,10,10,12,10,9,20,15,22,14,12,37,33,32,30,26,13,20,42,32,17,36,27,32,30,1.62,1.5,1.33,1.5,1.26,1.44,1.72,1.25,1.11,1.63,1.32,1.44,1.3,1.46,1.44,1.56,1.49,1.38,1.86,1.44,1.1,1.75,1.89,1.01,1.74,1.5,1.46,1.24,1,1,1,1,1,1,1,1,1,1,1,1,1,1,2,2,2,2,2,2,2,2,2,2,2,2,2,2,65,60,55,50,45,40,35,30,25,20,15,10,5,0,65,60,55,50,45,40,35,30,25,20,15,10,5,0
eno063b-c1,0,2,0,0,0,3,1,0,1,3,1,4,1,4,0,1,0,2,1,0,0,2,1,2,0,2,1,0,0.6,0.46,0.7,0.6,0.54,0.97,0.48,0.54,0.3,0.63,0.45,0.6,0.72,0.59,0.66,0.68,0.26,0.36,0.54,0.53,0.36,0.3,0.3,0.75,0.51,0.54,0.54,0.55,0.387204723082266,0.387204723082266,0.387204723082266,0.387204723082266,0.387204723082266,0.387204723082266,0.387204723082266,0.387204723082266,0.387204723082266,0.387204723082266,0.387204723082266,0.387204723082266,0.387204723082266,0.387204723082266,0.387204723082266,0.387204723082266,0.387204723082266,0.387204723082266,0.387204723082266,0.387204723082266,0.387204723082266,0.387204723082266,0.387204723082266,0.387204723082266,0.387204723082266,0.387204723082266,0.387204723082266,0.387204723082266,53,53,53,53,53,53,53,53,53,53,53,53,53,53,64,64,64,64,64,64,64,64,64,64,64,64,64,64,17.63,17.63,17.63,17.63,17.63,17.63,17.63,17.63,17.63,17.63,17.63,17.63,17.63,17.63,22.37,22.37,22.37,22.37,22.37,22.37,22.37,22.37,22.37,22.37,22.37,22.37,22.37,22.37,1,0,1,4,2,3,2,1,2,3,0,0,0,2,2,0,0,3,1,7,0,1,0,0,1,3,0,3,0.64,0.36,0.72,0.54,0.59,0.94,0.48,0.54,0.3,0.6,0.48,0.6,0.62,0.52,0.62,0.78,0.24,0.42,0.49,0.56,0.36,0.3,0.3,0.78,0.48,0.54,0.64,0.62,1,1,1,1,1,1,1,1,1,1,1,1,1,1,2,2,2,2,2,2,2,2,2,2,2,2,2,2,65,60,55,50,45,40,35,30,25,20,15,10,5,0,65,60,55,50,45,40,35,30,25,20,15,10,5,0
eno064c-d1,83,73,78,82,73,77,77,99,47,40,32,30,53,41,74,67,69,77,78,64,63,65,79,77,44,41,45,29,1.6,1.89,1.67,1.88,1.57,1.37,1.58,1.84,1.34,1.45,1.56,1.38,1.92,1.5,1.46,1.47,1.51,1.36,1.49,1.51,1.42,1.34,2.02,1.85,1.56,1.86,1.44,1.68,0.451668218517615,0.451668218517615,0.451668218517615,0.451668218517615,0.451668218517615,0.451668218517615,0.451668218517615,0.451668218517615,0.451668218517615,0.451668218517615,0.451668218517615,0.451668218517615,0.451668218517615,0.451668218517615,0.451668218517615,0.451668218517615,0.451668218517615,0.451668218517615,0.451668218517615,0.451668218517615,0.451668218517615,0.451668218517615,0.451668218517615,0.451668218517615,0.451668218517615,0.451668218517615,0.451668218517615,0.451668218517615,823,823,823,823,823,823,823,823,823,823,823,823,823,823,884,884,884,884,884,884,884,884,884,884,884,884,884,884,67.49,67.49,67.49,67.49,67.49,67.49,67.49,67.49,67.49,67.49,67.49,67.49,67.49,67.49,66.51,66.51,66.51,66.51,66.51,66.51,66.51,66.51,66.51,66.51,66.51,66.51,66.51,66.51,38,58,35,45,35,37,45,35,37,31,50,25,56,26,23,42,29,22,28,29,29,35,40,30,25,47,32,39,1.62,1.92,1.55,1.74,1.5,1.42,1.53,1.74,1.38,1.53,1.59,1.33,1.98,1.46,1.44,1.44,1.63,1.5,1.56,1.46,1.47,1.44,1.98,1.77,1.53,1.91,1.38,1.72,1,1,1,1,1,1,1,1,1,1,1,1,1,1,2,2,2,2,2,2,2,2,2,2,2,2,2,2,65,60,55,50,45,40,35,30,25,20,15,10,5,0,65,60,55,50,45,40,35,30,25,20,15,10,5,0
eno064d-d1,62,53,45,33,39,23,27,20,29,15,20,13,16,6,59,52,35,23,24,29,19,21,6,9,6,9,12,9,1.4,1.65,1.55,1.51,1.59,1.42,1.44,1.4,1.85,1.36,1.68,1.13,1.86,1.38,1.72,1.71,1.51,1.73,1.59,2,1.5,1.9,1.21,1.64,1.56,2.11,1.26,1.68,0.451362833393917,0.451362833393917,0.451362833393917,0.451362833393917,0.451362833393917,0.451362833393917,0.451362833393917,0.451362833393917,0.451362833393917,0.451362833393917,0.451362833393917,0.451362833393917,0.451362833393917,0.451362833393917,0.451362833393917,0.451362833393917,0.451362833393917,0.451362833393917,0.451362833393917,0.451362833393917,0.451362833393917,0.451362833393917,0.451362833393917,0.451362833393917,0.451362833393917,0.451362833393917,0.451362833393917,0.451362833393917,17,17,17,17,17,17,17,17,17,17,17,17,17,17,48,48,48,48,48,48,48,48,48,48,48,48,48,48,65.49,65.49,65.49,65.49,65.49,65.49,65.49,65.49,65.49,65.49,65.49,65.49,65.49,65.49,68.51,68.51,68.51,68.51,68.51,68.51,68.51,68.51,68.51,68.51,68.51,68.51,68.51,68.51,8,14,8,9,9,6,6,4,10,10,12,10,11,16,10,14,6,9,18,20,6,17,7,9,12,22,8,7,1.38,1.75,1.56,1.5,1.56,1.45,1.38,1.38,1.8,1.38,1.68,1.09,1.86,1.38,1.74,1.61,1.5,1.74,1.62,1.97,1.56,1.92,1.26,1.62,1.56,2.15,1.26,1.68,1,1,1,1,1,1,1,1,1,1,1,1,1,1,2,2,2,2,2,2,2,2,2,2,2,2,2,2,65,60,55,50,45,40,35,30,25,20,15,10,5,0,65,60,55,50,45,40,35,30,25,20,15,10,5,0
gus013b-b1,190,134,119,85,96,110,102,243,183,172,96,85,68,69,,,,,,,,,,,,,,,3.74,3.61,3.27,3.23,3.03,3.66,4.28,3.46,3.59,3.93,3.97,4.05,3.54,2.92,,,,,,,,,,,,,,,0.258016331067169,0.258016331067169,0.258016331067169,0.258016331067169,0.258016331067169,0.258016331067169,0.258016331067169,0.258016331067169,0.258016331067169,0.258016331067169,0.258016331067169,0.258016331067169,0.258016331067169,0.258016331067169,,,,,,,,,,,,,,,1785,1785,1785,1785,1785,1785,1785,1271,1271,1271,1271,1271,1271,1271,,,,,,,,,,,,,,,76.78,76.78,76.78,76.78,76.78,76.78,76.78,75.22,75.22,75.22,75.22,75.22,75.22,75.22,,,,,,,,,,,,,,,135,130,118,117,91,105,142,95,108,117,104,110,92,86,,,,,,,,,,,,,,,3.79,3.77,3.22,3.31,3.05,3.6,4.17,3.41,3.43,3.98,3.89,4.03,3.6,3.03,,,,,,,,,,,,,,,1,1,1,1,1,1,1,2,2,2,2,2,2,2,,,,,,,,,,,,,,,60,50,40,30,20,10,0,60,50,40,30,20,10,0,,,,,,,,,,,,,,
gus013c-c1,22,22,37,15,19,9,12,25,48,35,20,17,16,7,,,,,,,,,,,,,,,5.73,5.31,5.6,5.69,6.15,4.99,5.73,5.07,5.49,5.2,5.11,4.65,5.81,5.07,,,,,,,,,,,,,,,0.261197747354177,0.261197747354177,0.261197747354177,0.261197747354177,0.261197747354177,0.261197747354177,0.261197747354177,0.261197747354177,0.261197747354177,0.261197747354177,0.261197747354177,0.261197747354177,0.261197747354177,0.261197747354177,,,,,,,,,,,,,,,158,158,158,158,158,158,158,301,301,301,301,301,301,301,,,,,,,,,,,,,,,104,104,104,104,104,104,104,124,124,124,124,124,124,124,,,,,,,,,,,,,,,13,14,16,18,16,11,10,18,8,17,15,11,14,2,,,,,,,,,,,,,,,5.72,5.26,5.63,5.78,6.08,5.14,5.86,5.08,5.54,5.17,5.02,4.72,5.66,4.94,,,,,,,,,,,,,,,1,1,1,1,1,1,1,2,2,2,2,2,2,2,,,,,,,,,,,,,,,60,50,40,30,20,10,0,60,50,40,30,20,10,0,,,,,,,,,,,,,,
gus014b-b1,4,0,1,0,4,8,3,0,0,0,4,0,0,0,,,,,,,,,,,,,,,4.07,3.56,3.7,3.54,3.65,3.48,3.76,3.13,3.64,3.5,3.66,3.55,3.72,3.32,,,,,,,,,,,,,,,0.259177666746343,0.259177666746343,0.259177666746343,0.259177666746343,0.259177666746343,0.259177666746343,0.259177666746343,0.259177666746343,0.259177666746343,0.259177666746343,0.259177666746343,0.259177666746343,0.259177666746343,0.259177666746343,,,,,,,,,,,,,,,50,50,50,50,50,50,50,53,53,53,53,53,53,53,,,,,,,,,,,,,,,72.82,72.82,72.82,72.82,72.82,72.82,72.82,79.18,79.18,79.18,79.18,79.18,79.18,79.18,,,,,,,,,,,,,,,11,1,5,0,2,0,1,0,0,0,2,2,0,1,,,,,,,,,,,,,,,4.05,3.59,3.64,3.54,3.65,3.44,3.66,3.15,3.61,3.56,3.66,3.55,3.76,3.42,,,,,,,,,,,,,,,1,1,1,1,1,1,1,2,2,2,2,2,2,2,,,,,,,,,,,,,,,60,50,40,30,20,10,0,60,50,40,30,20,10,0,,,,,,,,,,,,,,
gus014b-d1,44,49,46,13,20,21,19,68,97,61,24,18,24,32,,,,,,,,,,,,,,,3.7,3.51,3.6,3.7,3.78,3.56,3.55,3.5,3.57,3.6,3.5,3.42,3.64,3.53,,,,,,,,,,,,,,,0.257236561295681,0.257236561295681,0.257236561295681,0.257236561295681,0.257236561295681,0.257236561295681,0.257236561295681,0.257236561295681,0.257236561295681,0.257236561295681,0.257236561295681,0.257236561295681,0.257236561295681,0.257236561295681,,,,,,,,,,,,,,,32,32,32,32,32,32,32,79,79,79,79,79,79,79,,,,,,,,,,,,,,,72.82,72.82,72.82,72.82,72.82,72.82,72.82,79.18,79.18,79.18,79.18,79.18,79.18,79.18,,,,,,,,,,,,,,,17,18,21,22,24,15,11,27,14,29,21,17,19,18,,,,,,,,,,,,,,,3.66,3.54,3.57,3.65,3.81,3.55,3.51,3.54,3.54,3.63,3.55,3.39,3.65,3.57,,,,,,,,,,,,,,,1,1,1,1,1,1,1,2,2,2,2,2,2,2,,,,,,,,,,,,,,,60,50,40,30,20,10,0,60,50,40,30,20,10,0,,,,,,,,,,,,,,
gus014c-b1,11,1,4,4,7,3,7,5,8,16,5,9,13,7,,,,,,,,,,,,,,,3.95,4.21,3.27,4.13,3.31,3.23,2.89,3.25,2.99,3.93,3.07,3.89,3.97,4.31,,,,,,,,,,,,,,,0.258425152581204,0.258425152581204,0.258425152581204,0.258425152581204,0.258425152581204,0.258425152581204,0.258425152581204,0.258425152581204,0.258425152581204,0.258425152581204,0.258425152581204,0.258425152581204,0.258425152581204,0.258425152581204,,,,,,,,,,,,,,,28,28,28,28,28,28,28,142,142,142,142,142,142,142,,,,,,,,,,,,,,,70.65,70.65,70.65,70.65,70.65,70.65,70.65,81.35,81.35,81.35,81.35,81.35,81.35,81.35,,,,,,,,,,,,,,,6,1,9,4,5,5,11,3,8,8,5,4,3,4,,,,,,,,,,,,,,,3.93,4.19,3.24,3.89,3.39,3.24,2.96,3.27,3.01,3.96,3.31,3.81,3.96,4.24,,,,,,,,,,,,,,,1,1,1,1,1,1,1,2,2,2,2,2,2,2,,,,,,,,,,,,,,,60,50,40,30,20,10,0,60,50,40,30,20,10,0,,,,,,,,,,,,,,
gus014c-b3,10,11,5,3,6,1,0,5,9,18,1,1,3,0,,,,,,,,,,,,,,,0.42,0.42,0.34,0.54,0.36,0.42,0.72,0.54,0.3,0.62,0.42,0.3,0.42,0.18,,,,,,,,,,,,,,,0.257045243302508,0.257045243302508,0.257045243302508,0.257045243302508,0.257045243302508,0.257045243302508,0.257045243302508,0.257045243302508,0.257045243302508,0.257045243302508,0.257045243302508,0.257045243302508,0.257045243302508,0.257045243302508,,,,,,,,,,,,,,,6,6,6,6,6,6,6,5,5,5,5,5,5,5,,,,,,,,,,,,,,,11.31,11.31,11.31,11.31,11.31,11.31,11.31,8.69,8.69,8.69,8.69,8.69,8.69,8.69,,,,,,,,,,,,,,,2,3,4,7,2,6,3,0,2,6,5,2,6,0,,,,,,,,,,,,,,,0.42,0.42,0.37,0.54,0.36,0.42,0.66,0.54,0.3,0.59,0.42,0.3,0.42,0.24,,,,,,,,,,,,,,,1,1,1,1,1,1,1,2,2,2,2,2,2,2,,,,,,,,,,,,,,,60,50,40,30,20,10,0,60,50,40,30,20,10,0,,,,,,,,,,,,,,
gus014c-c1,34,39,40,22,20,20,10,31,38,37,48,11,11,21,,,,,,,,,,,,,,,0.8,1.55,1,0.77,1.2,1.07,0.9,0.82,0.97,0.92,1.15,0.9,0.55,0.84,,,,,,,,,,,,,,,0.257915116537173,0.257915116537173,0.257915116537173,0.257915116537173,0.257915116537173,0.257915116537173,0.257915116537173,0.257915116537173,0.257915116537173,0.257915116537173,0.257915116537173,0.257915116537173,0.257915116537173,0.257915116537173,,,,,,,,,,,,,,,181,181,181,181,181,181,181,195,195,195,195,195,195,195,,,,,,,,,,,,,,,18.68,18.68,18.68,18.68,18.68,18.68,18.68,21.32,21.32,21.32,21.32,21.32,21.32,21.32,,,,,,,,,,,,,,,15,31,22,11,15,13,13,6,24,14,25,14,5,9,,,,,,,,,,,,,,,0.85,1.3,0.99,0.71,1.21,1.02,0.86,0.77,1.22,0.93,1.21,0.89,0.6,0.88,,,,,,,,,,,,,,,1,1,1,1,1,1,1,2,2,2,2,2,2,2,,,,,,,,,,,,,,,60,50,40,30,20,10,0,60,50,40,30,20,10,0,,,,,,,,,,,,,,
gus015b-c1,64,59,38,51,16,16,11,43,56,52,27,12,10,14,,,,,,,,,,,,,,,1.12,1.01,0.75,1.44,0.91,1.02,1.08,0.86,0.91,1.11,0.96,0.89,0.96,0.84,,,,,,,,,,,,,,,0.385363581084741,0.385363581084741,0.385363581084741,0.385363581084741,0.385363581084741,0.385363581084741,0.385363581084741,0.385363581084741,0.385363581084741,0.385363581084741,0.385363581084741,0.385363581084741,0.385363581084741,0.385363581084741,,,,,,,,,,,,,,,62,62,62,62,62,62,62,42,42,42,42,42,42,42,,,,,,,,,,,,,,,20.73,20.73,20.73,20.73,20.73,20.73,20.73,19.27,19.27,19.27,19.27,19.27,19.27,19.27,,,,,,,,,,,,,,,14,14,17,24,8,27,16,11,15,17,4,7,8,14,,,,,,,,,,,,,,,1.14,0.91,0.82,1.44,0.96,1.08,1.13,0.84,1.01,1.04,0.96,0.84,0.9,0.79,,,,,,,,,,,,,,,1,1,1,1,1,1,1,2,2,2,2,2,2,2,,,,,,,,,,,,,,,60,50,40,30,20,10,0,60,50,40,30,20,10,0,,,,,,,,,,,,,,
gus015c-a1,11,19,20,17,0,15,7,16,25,14,5,8,3,19,,,,,,,,,,,,,,,0.76,0.84,0.66,0.9,0.6,1.38,0.9,0.8,1.02,0.9,0.96,1.02,0.72,1.14,,,,,,,,,,,,,,,0.450747439901441,0.450747439901441,0.450747439901441,0.450747439901441,0.450747439901441,0.450747439901441,0.450747439901441,0.450747439901441,0.450747439901441,0.450747439901441,0.450747439901441,0.450747439901441,0.450747439901441,0.450747439901441,,,,,,,,,,,,,,,94,94,94,94,94,94,94,78,78,78,78,78,78,78,,,,,,,,,,,,,,,20.15,20.15,20.15,20.15,20.15,20.15,20.15,19.85,19.85,19.85,19.85,19.85,19.85,19.85,,,,,,,,,,,,,,,8,9,5,3,2,12,12,4,6,6,7,11,5,12,,,,,,,,,,,,,,,0.78,0.84,0.6,0.9,0.6,1.38,0.84,0.78,1.02,0.96,0.96,1.02,0.72,1.2,,,,,,,,,,,,,,,1,1,1,1,1,1,1,2,2,2,2,2,2,2,,,,,,,,,,,,,,,60,50,40,30,20,10,0,60,50,40,30,20,10,0,,,,,,,,,,,,,,
gus015c-d1,0,1,3,0,0,0,0,0,9,4,4,0,1,0,,,,,,,,,,,,,,,0.65,0.96,0.95,1.14,0.84,0.96,1.2,0.79,1.14,1.15,1.26,1.2,1.02,0.9,,,,,,,,,,,,,,,0.448900951145128,0.448900951145128,0.448900951145128,0.448900951145128,0.448900951145128,0.448900951145128,0.448900951145128,0.448900951145128,0.448900951145128,0.448900951145128,0.448900951145128,0.448900951145128,0.448900951145128,0.448900951145128,,,,,,,,,,,,,,,15,15,15,15,15,15,15,23,23,23,23,23,23,23,,,,,,,,,,,,,,,20.15,20.15,20.15,20.15,20.15,20.15,20.15,19.85,19.85,19.85,19.85,19.85,19.85,19.85,,,,,,,,,,,,,,,0,0,0,0,2,0,0,0,1,11,1,2,2,4,,,,,,,,,,,,,,,0.66,0.93,0.96,1.17,0.84,0.96,1.2,0.78,1.17,1.14,1.23,1.2,1.02,0.9,,,,,,,,,,,,,,,1,1,1,1,1,1,1,2,2,2,2,2,2,2,,,,,,,,,,,,,,,60,50,40,30,20,10,0,60,50,40,30,20,10,0,,,,,,,,,,,,,,
gus015d-a1,10,2,4,3,3,12,2,5,3,9,2,7,9,8,,,,,,,,,,,,,,,1.2,1.08,0.96,0.6,0.84,0.84,1.26,1.08,0.72,1.26,1.02,1.14,0.96,0.78,,,,,,,,,,,,,,,0.259177666746343,0.259177666746343,0.259177666746343,0.259177666746343,0.259177666746343,0.259177666746343,0.259177666746343,0.259177666746343,0.259177666746343,0.259177666746343,0.259177666746343,0.259177666746343,0.259177666746343,0.259177666746343,,,,,,,,,,,,,,,48,48,48,48,48,48,48,144,144,144,144,144,144,144,,,,,,,,,,,,,,,20,20,20,20,20,20,20,20,20,20,20,20,20,20,,,,,,,,,,,,,,,11,5,3,2,2,4,5,16,4,9,2,7,7,9,,,,,,,,,,,,,,,1.2,1.08,0.96,0.6,0.84,0.84,1.26,1.08,0.72,1.26,1.02,1.14,0.96,0.78,,,,,,,,,,,,,,,1,1,1,1,1,1,1,2,2,2,2,2,2,2,,,,,,,,,,,,,,,60,50,40,30,20,10,0,60,50,40,30,20,10,0,,,,,,,,,,,,,,
gus015d-c1,13,7,5,2,4,3,5,9,5,6,4,0,2,2,,,,,,,,,,,,,,,0.9,0.84,0.72,0.96,0.9,1.38,0.72,1.26,0.78,1.08,1.38,0.66,0.66,0.96,,,,,,,,,,,,,,,0.259182080338187,0.259182080338187,0.259182080338187,0.259182080338187,0.259182080338187,0.259182080338187,0.259182080338187,0.259182080338187,0.259182080338187,0.259182080338187,0.259182080338187,0.259182080338187,0.259182080338187,0.259182080338187,,,,,,,,,,,,,,,4,4,4,4,4,4,4,6,6,6,6,6,6,6,,,,,,,,,,,,,,,20,20,20,20,20,20,20,20,20,20,20,20,20,20,,,,,,,,,,,,,,,5,0,0,1,3,6,0,0,1,1,3,2,2,3,,,,,,,,,,,,,,,0.9,0.84,0.72,0.96,0.9,1.38,0.72,1.26,0.78,1.08,1.38,0.66,0.66,0.96,,,,,,,,,,,,,,,1,1,1,1,1,1,1,2,2,2,2,2,2,2,,,,,,,,,,,,,,,60,50,40,30,20,10,0,60,50,40,30,20,10,0,,,,,,,,,,,,,,
gus015d-d1,10,3,2,19,7,8,6,6,6,12,5,16,4,3,,,,,,,,,,,,,,,0.72,0.37,0.43,0.6,0.42,0.48,0.57,0.36,0.35,0.83,0.42,0.72,0.48,0.21,,,,,,,,,,,,,,,0.259177666746343,0.259177666746343,0.259177666746343,0.259177666746343,0.259177666746343,0.259177666746343,0.259177666746343,0.259177666746343,0.259177666746343,0.259177666746343,0.259177666746343,0.259177666746343,0.259177666746343,0.259177666746343,,,,,,,,,,,,,,,298,298,298,298,298,298,298,160,160,160,160,160,160,160,,,,,,,,,,,,,,,12.05,12.05,12.05,12.05,12.05,12.05,12.05,7.95,7.95,7.95,7.95,7.95,7.95,7.95,,,,,,,,,,,,,,,21,5,11,14,3,8,9,4,1,5,11,10,10,1,,,,,,,,,,,,,,,0.72,0.36,0.54,0.55,0.42,0.48,0.54,0.36,0.36,0.72,0.47,0.72,0.48,0.24,,,,,,,,,,,,,,,1,1,1,1,1,1,1,2,2,2,2,2,2,2,,,,,,,,,,,,,,,60,50,40,30,20,10,0,60,50,40,30,20,10,0,,,,,,,,,,,,,,
gus018b-a1,0,0,1,0,1,1,1,0,0,0,0,0,0,0,,,,,,,,,,,,,,,0.8,1.17,0.84,0.58,0.84,1.2,1.22,0.94,0.81,0.72,1.1,1.14,1.08,1.06,,,,,,,,,,,,,,,0.259177666746343,0.259177666746343,0.259177666746343,0.259177666746343,0.259177666746343,0.259177666746343,0.259177666746343,0.259177666746343,0.259177666746343,0.259177666746343,0.259177666746343,0.259177666746343,0.259177666746343,0.259177666746343,,,,,,,,,,,,,,,15,15,15,15,15,15,15,31,31,31,31,31,31,31,,,,,,,,,,,,,,,20.33,20.33,20.33,20.33,20.33,20.33,20.33,19.67,19.67,19.67,19.67,19.67,19.67,19.67,,,,,,,,,,,,,,,0,0,1,1,1,2,2,0,1,0,0,0,0,2,,,,,,,,,,,,,,,0.85,1.21,0.84,0.58,0.81,1.2,1.26,0.89,0.77,0.72,1.1,1.17,1.08,1.02,,,,,,,,,,,,,,,1,1,1,1,1,1,1,2,2,2,2,2,2,2,,,,,,,,,,,,,,,60,50,40,30,20,10,0,60,50,40,30,20,10,0,,,,,,,,,,,,,,
gus018b-a2,16,8,12,8,4,10,1,13,16,15,7,8,10,1,,,,,,,,,,,,,,,0.98,0.96,0.76,0.93,1.59,1.08,0.78,1.06,0.9,0.74,1.17,1.17,1.14,0.84,,,,,,,,,,,,,,,0.260151897300672,0.260151897300672,0.260151897300672,0.260151897300672,0.260151897300672,0.260151897300672,0.260151897300672,0.260151897300672,0.260151897300672,0.260151897300672,0.260151897300672,0.260151897300672,0.260151897300672,0.260151897300672,,,,,,,,,,,,,,,54,54,54,54,54,54,54,82,82,82,82,82,82,82,,,,,,,,,,,,,,,20.33,20.33,20.33,20.33,20.33,20.33,20.33,19.67,19.67,19.67,19.67,19.67,19.67,19.67,,,,,,,,,,,,,,,17,10,3,9,12,4,3,6,6,6,9,12,6,10,,,,,,,,,,,,,,,0.98,0.96,0.72,0.96,1.59,1.08,0.78,1.06,0.9,0.78,1.14,1.17,1.14,0.84,,,,,,,,,,,,,,,1,1,1,1,1,1,1,2,2,2,2,2,2,2,,,,,,,,,,,,,,,60,50,40,30,20,10,0,60,50,40,30,20,10,0,,,,,,,,,,,,,,
gus018b-b1,0,1,1,0,0,1,0,0,0,0,1,0,2,0,,,,,,,,,,,,,,,0.8,1.17,0.84,0.58,0.84,1.2,1.22,0.94,0.81,0.72,1.1,1.14,1.08,1.06,,,,,,,,,,,,,,,0.259177666746343,0.259177666746343,0.259177666746343,0.259177666746343,0.259177666746343,0.259177666746343,0.259177666746343,0.259177666746343,0.259177666746343,0.259177666746343,0.259177666746343,0.259177666746343,0.259177666746343,0.259177666746343,,,,,,,,,,,,,,,72,72,72,72,72,72,72,62,62,62,62,62,62,62,,,,,,,,,,,,,,,20.33,20.33,20.33,20.33,20.33,20.33,20.33,19.67,19.67,19.67,19.67,19.67,19.67,19.67,,,,,,,,,,,,,,,0,1,0,0,1,0,1,0,0,1,0,1,0,1,,,,,,,,,,,,,,,0.85,1.21,0.84,0.58,0.81,1.2,1.26,0.89,0.77,0.72,1.1,1.17,1.08,1.02,,,,,,,,,,,,,,,1,1,1,1,1,1,1,2,2,2,2,2,2,2,,,,,,,,,,,,,,,60,50,40,30,20,10,0,60,50,40,30,20,10,0,,,,,,,,,,,,,,
gus018b-b2,0,0,0,0,0,0,0,0,0,0,0,0,0,0,,,,,,,,,,,,,,,0.8,1.17,0.84,0.58,0.84,1.2,1.22,0.94,0.81,0.72,1.1,1.14,1.08,1.06,,,,,,,,,,,,,,,0.259177666746343,0.259177666746343,0.259177666746343,0.259177666746343,0.259177666746343,0.259177666746343,0.259177666746343,0.259177666746343,0.259177666746343,0.259177666746343,0.259177666746343,0.259177666746343,0.259177666746343,0.259177666746343,,,,,,,,,,,,,,,83,83,83,83,83,83,83,44,44,44,44,44,44,44,,,,,,,,,,,,,,,20.33,20.33,20.33,20.33,20.33,20.33,20.33,19.67,19.67,19.67,19.67,19.67,19.67,19.67,,,,,,,,,,,,,,,0,0,0,0,0,0,0,0,0,0,0,0,0,0,,,,,,,,,,,,,,,0.85,1.21,0.84,0.58,0.81,1.2,1.26,0.89,0.77,0.72,1.1,1.17,1.08,1.02,,,,,,,,,,,,,,,1,1,1,1,1,1,1,2,2,2,2,2,2,2,,,,,,,,,,,,,,,60,50,40,30,20,10,0,60,50,40,30,20,10,0,,,,,,,,,,,,,,
gus018b-c1,16,21,10,10,5,9,4,17,12,9,12,2,3,5,,,,,,,,,,,,,,,0.68,1.35,0.66,0.85,1.26,1.26,1.01,0.82,0.63,0.72,1.13,0.84,1.26,0.85,,,,,,,,,,,,,,,0.257010618206024,0.257010618206024,0.257010618206024,0.257010618206024,0.257010618206024,0.257010618206024,0.257010618206024,0.257010618206024,0.257010618206024,0.257010618206024,0.257010618206024,0.257010618206024,0.257010618206024,0.257010618206024,,,,,,,,,,,,,,,74,74,74,74,74,74,74,55,55,55,55,55,55,55,,,,,,,,,,,,,,,20.33,20.33,20.33,20.33,20.33,20.33,20.33,19.67,19.67,19.67,19.67,19.67,19.67,19.67,,,,,,,,,,,,,,,5,7,5,6,8,7,8,0,5,1,5,6,6,6,,,,,,,,,,,,,,,0.73,1.39,0.66,0.88,1.23,1.26,1.02,0.77,0.59,0.72,1.1,0.87,1.26,0.84,,,,,,,,,,,,,,,1,1,1,1,1,1,1,2,2,2,2,2,2,2,,,,,,,,,,,,,,,60,50,40,30,20,10,0,60,50,40,30,20,10,0,,,,,,,,,,,,,,
gus019c-a1,48,47,49,31,14,11,21,83,51,84,30,17,19,19,,,,,,,,,,,,,,,0.78,0.84,0.84,1.06,0.79,0.48,0.96,1.2,1.02,1.26,0.98,1.01,1.14,0.9,,,,,,,,,,,,,,,0.252766070379967,0.252766070379967,0.252766070379967,0.252766070379967,0.252766070379967,0.252766070379967,0.252766070379967,0.252766070379967,0.252766070379967,0.252766070379967,0.252766070379967,0.252766070379967,0.252766070379967,0.252766070379967,,,,,,,,,,,,,,,240,240,240,240,240,240,240,458,458,458,458,458,458,458,,,,,,,,,,,,,,,29.25,29.25,29.25,29.25,29.25,29.25,29.25,30.75,30.75,30.75,30.75,30.75,30.75,30.75,,,,,,,,,,,,,,,6,12,8,15,11,4,23,25,22,27,18,14,23,16,,,,,,,,,,,,,,,0.83,0.72,0.84,1.06,0.84,0.48,0.92,1.15,1.14,1.26,0.98,0.96,1.14,0.94,,,,,,,,,,,,,,,1,1,1,1,1,1,1,2,2,2,2,2,2,2,,,,,,,,,,,,,,,60,50,40,30,20,10,0,60,50,40,30,20,10,0,,,,,,,,,,,,,,
gus019c-b1,14,6,14,3,3,15,11,9,15,10,11,2,5,14,,,,,,,,,,,,,,,0.78,0.72,0.68,0.3,0.36,0.76,0.47,0.66,0.96,0.7,0.66,0.48,0.74,0.43,,,,,,,,,,,,,,,0.254117311097741,0.254117311097741,0.254117311097741,0.254117311097741,0.254117311097741,0.254117311097741,0.254117311097741,0.254117311097741,0.254117311097741,0.254117311097741,0.254117311097741,0.254117311097741,0.254117311097741,0.254117311097741,,,,,,,,,,,,,,,261,261,261,261,261,261,261,234,234,234,234,234,234,234,,,,,,,,,,,,,,,19.96,19.96,19.96,19.96,19.96,19.96,19.96,20.04,20.04,20.04,20.04,20.04,20.04,20.04,,,,,,,,,,,,,,,12,15,7,4,7,20,14,14,10,8,17,5,15,13,,,,,,,,,,,,,,,0.78,0.83,0.7,0.25,0.38,0.72,0.42,0.66,0.85,0.68,0.71,0.46,0.78,0.48,,,,,,,,,,,,,,,1,1,1,1,1,1,1,2,2,2,2,2,2,2,,,,,,,,,,,,,,,60,50,40,30,20,10,0,60,50,40,30,20,10,0,,,,,,,,,,,,,,
gus019c-b2,4,4,5,7,1,0,2,4,7,4,6,2,0,4,,,,,,,,,,,,,,,0.9,0.66,0.67,0.78,0.6,0.4,0.66,0.54,0.48,1.01,0.6,0.42,0.62,0.54,,,,,,,,,,,,,,,0.25334100962995,0.25334100962995,0.25334100962995,0.25334100962995,0.25334100962995,0.25334100962995,0.25334100962995,0.25334100962995,0.25334100962995,0.25334100962995,0.25334100962995,0.25334100962995,0.25334100962995,0.25334100962995,,,,,,,,,,,,,,,30,30,30,30,30,30,30,60,60,60,60,60,60,60,,,,,,,,,,,,,,,19.96,19.96,19.96,19.96,19.96,19.96,19.96,20.04,20.04,20.04,20.04,20.04,20.04,20.04,,,,,,,,,,,,,,,2,1,0,4,2,0,3,3,4,2,1,0,3,4,,,,,,,,,,,,,,,0.96,0.67,0.75,0.77,0.6,0.42,0.72,0.48,0.47,0.93,0.61,0.42,0.6,0.48,,,,,,,,,,,,,,,1,1,1,1,1,1,1,2,2,2,2,2,2,2,,,,,,,,,,,,,,,60,50,40,30,20,10,0,60,50,40,30,20,10,0,,,,,,,,,,,,,,
gus019c-b3,6,3,3,0,4,0,1,6,0,2,0,4,2,4,,,,,,,,,,,,,,,0.63,0.71,0.63,0.3,0.8,0.76,0.42,0.57,0.79,1.05,0.18,0.52,0.5,0.66,,,,,,,,,,,,,,,0.249978253008348,0.249978253008348,0.249978253008348,0.249978253008348,0.249978253008348,0.249978253008348,0.249978253008348,0.249978253008348,0.249978253008348,0.249978253008348,0.249978253008348,0.249978253008348,0.249978253008348,0.249978253008348,,,,,,,,,,,,,,,45,45,45,45,45,45,45,65,65,65,65,65,65,65,,,,,,,,,,,,,,,19.96,19.96,19.96,19.96,19.96,19.96,19.96,20.04,20.04,20.04,20.04,20.04,20.04,20.04,,,,,,,,,,,,,,,0,2,3,1,3,2,0,0,1,2,1,0,2,3,,,,,,,,,,,,,,,0.66,0.63,0.59,0.34,0.81,0.67,0.42,0.54,0.87,1.09,0.14,0.51,0.59,0.66,,,,,,,,,,,,,,,1,1,1,1,1,1,1,2,2,2,2,2,2,2,,,,,,,,,,,,,,,60,50,40,30,20,10,0,60,50,40,30,20,10,0,,,,,,,,,,,,,,
gus019d-b1,4,7,1,19,2,7,4,4,8,2,3,2,3,6,,,,,,,,,,,,,,,0.32,0.21,0.18,0.35,0.3,0.24,0.38,0.28,0.45,0.12,0.25,0.18,0.18,0.52,,,,,,,,,,,,,,,0.251538766995964,0.251538766995964,0.251538766995964,0.251538766995964,0.251538766995964,0.251538766995964,0.251538766995964,0.251538766995964,0.251538766995964,0.251538766995964,0.251538766995964,0.251538766995964,0.251538766995964,0.251538766995964,,,,,,,,,,,,,,,42,42,42,42,42,42,42,126,126,126,126,126,126,126,,,,,,,,,,,,,,,10.36,10.36,10.36,10.36,10.36,10.36,10.36,9.64,9.64,9.64,9.64,9.64,9.64,9.64,,,,,,,,,,,,,,,4,2,0,10,2,5,2,5,7,2,2,2,3,6,,,,,,,,,,,,,,,0.36,0.17,0.18,0.41,0.21,0.24,0.34,0.24,0.49,0.12,0.19,0.27,0.18,0.56,,,,,,,,,,,,,,,1,1,1,1,1,1,1,2,2,2,2,2,2,2,,,,,,,,,,,,,,,60,50,40,30,20,10,0,60,50,40,30,20,10,0,,,,,,,,,,,,,,
gus021b-a1,1,4,2,2,3,2,0,2,2,1,2,1,4,1,,,,,,,,,,,,,,,0.38,0.82,0.45,0.39,0.49,0.54,0.21,0.52,0.32,0.57,0.27,0.35,0.48,0.33,,,,,,,,,,,,,,,0.257872700718015,0.257872700718015,0.257872700718015,0.257872700718015,0.257872700718015,0.257872700718015,0.257872700718015,0.257872700718015,0.257872700718015,0.257872700718015,0.257872700718015,0.257872700718015,0.257872700718015,0.257872700718015,,,,,,,,,,,,,,,24,24,24,24,24,24,24,37,37,37,37,37,37,37,,,,,,,,,,,,,,,8,8,8,8,8,8,8,12,12,12,12,12,12,12,,,,,,,,,,,,,,,0,2,3,1,1,0,0,1,0,1,2,1,2,1,,,,,,,,,,,,,,,0.42,0.73,0.42,0.36,0.48,0.54,0.21,0.48,0.41,0.6,0.3,0.36,0.48,0.33,,,,,,,,,,,,,,,1,1,1,1,1,1,1,2,2,2,2,2,2,2,,,,,,,,,,,,,,,60,50,40,30,20,10,0,60,50,40,30,20,10,0,,,,,,,,,,,,,,
gus021b-c1,10,6,2,8,7,9,11,5,4,4,8,12,6,12,,,,,,,,,,,,,,,0.42,0.3,0.19,0.32,0.26,0.36,0.54,0.24,0.12,0.23,0.34,0.46,0.24,0.48,,,,,,,,,,,,,,,0.128156351490682,0.128156351490682,0.128156351490682,0.128156351490682,0.128156351490682,0.128156351490682,0.128156351490682,0.128156351490682,0.128156351490682,0.128156351490682,0.128156351490682,0.128156351490682,0.128156351490682,0.128156351490682,,,,,,,,,,,,,,,174,174,174,174,174,174,174,339,339,339,339,339,339,339,,,,,,,,,,,,,,,8,8,8,8,8,8,8,12,12,12,12,12,12,12,,,,,,,,,,,,,,,10,4,5,5,5,11,10,4,0,5,11,9,8,11,,,,,,,,,,,,,,,0.42,0.36,0.28,0.3,0.24,0.36,0.54,0.24,0.06,0.14,0.36,0.48,0.24,0.48,,,,,,,,,,,,,,,1,1,1,1,1,1,1,2,2,2,2,2,2,2,,,,,,,,,,,,,,,60,50,40,30,20,10,0,60,50,40,30,20,10,0,,,,,,,,,,,,,,
gus021b-d1,4,2,2,4,1,6,3,3,1,4,0,2,3,3,,,,,,,,,,,,,,,0.7,0.78,0.24,0.6,0.37,0.84,0.36,0.62,0.3,0.18,0.36,0.35,0.36,0.54,,,,,,,,,,,,,,,0.257157839497124,0.257157839497124,0.257157839497124,0.257157839497124,0.257157839497124,0.257157839497124,0.257157839497124,0.257157839497124,0.257157839497124,0.257157839497124,0.257157839497124,0.257157839497124,0.257157839497124,0.257157839497124,,,,,,,,,,,,,,,58,58,58,58,58,58,58,102,102,102,102,102,102,102,,,,,,,,,,,,,,,8,8,8,8,8,8,8,12,12,12,12,12,12,12,,,,,,,,,,,,,,,3,2,0,2,1,6,4,3,0,0,2,4,2,1,,,,,,,,,,,,,,,0.7,0.82,0.24,0.66,0.36,0.84,0.42,0.62,0.26,0.18,0.3,0.36,0.36,0.48,,,,,,,,,,,,,,,1,1,1,1,1,1,1,2,2,2,2,2,2,2,,,,,,,,,,,,,,,60,50,40,30,20,10,0,60,50,40,30,20,10,0,,,,,,,,,,,,,,
gus021d-a1,29,4,12,4,4,9,12,20,25,25,17,10,11,9,,,,,,,,,,,,,,,0.72,0.24,0.78,0.42,0.56,0.6,0.34,0.42,0.6,0.78,0.66,0.82,0.66,0.56,,,,,,,,,,,,,,,0.254813899028825,0.254813899028825,0.254813899028825,0.254813899028825,0.254813899028825,0.254813899028825,0.254813899028825,0.254813899028825,0.254813899028825,0.254813899028825,0.254813899028825,0.254813899028825,0.254813899028825,0.254813899028825,,,,,,,,,,,,,,,236,236,236,236,236,236,236,256,256,256,256,256,256,256,,,,,,,,,,,,,,,20.4,20.4,20.4,20.4,20.4,20.4,20.4,19.6,19.6,19.6,19.6,19.6,19.6,19.6,,,,,,,,,,,,,,,5,4,13,5,5,7,6,8,12,14,7,9,4,7,,,,,,,,,,,,,,,0.72,0.24,0.78,0.42,0.54,0.6,0.36,0.42,0.6,0.78,0.66,0.84,0.66,0.54,,,,,,,,,,,,,,,1,1,1,1,1,1,1,2,2,2,2,2,2,2,,,,,,,,,,,,,,,60,50,40,30,20,10,0,60,50,40,30,20,10,0,,,,,,,,,,,,,,
gus021d-a2,34,6,16,8,11,11,8,18,22,19,14,17,21,10,,,,,,,,,,,,,,,0.72,0.24,0.78,0.42,0.56,0.6,0.34,0.42,0.6,0.78,0.66,0.82,0.66,0.56,,,,,,,,,,,,,,,0.254813899028825,0.254813899028825,0.254813899028825,0.254813899028825,0.254813899028825,0.254813899028825,0.254813899028825,0.254813899028825,0.254813899028825,0.254813899028825,0.254813899028825,0.254813899028825,0.254813899028825,0.254813899028825,,,,,,,,,,,,,,,190,190,190,190,190,190,190,246,246,246,246,246,246,246,,,,,,,,,,,,,,,20.4,20.4,20.4,20.4,20.4,20.4,20.4,19.6,19.6,19.6,19.6,19.6,19.6,19.6,,,,,,,,,,,,,,,9,3,16,3,6,10,6,5,5,13,10,24,12,14,,,,,,,,,,,,,,,0.72,0.24,0.78,0.42,0.54,0.6,0.36,0.42,0.6,0.78,0.66,0.84,0.66,0.54,,,,,,,,,,,,,,,1,1,1,1,1,1,1,2,2,2,2,2,2,2,,,,,,,,,,,,,,,60,50,40,30,20,10,0,60,50,40,30,20,10,0,,,,,,,,,,,,,,
gus021d-b1,11,2,7,1,1,3,1,9,8,9,6,5,8,5,,,,,,,,,,,,,,,0.72,0.24,0.78,0.42,0.56,0.6,0.34,0.42,0.6,0.78,0.66,0.82,0.66,0.56,,,,,,,,,,,,,,,0.254813899028825,0.254813899028825,0.254813899028825,0.254813899028825,0.254813899028825,0.254813899028825,0.254813899028825,0.254813899028825,0.254813899028825,0.254813899028825,0.254813899028825,0.254813899028825,0.254813899028825,0.254813899028825,,,,,,,,,,,,,,,21,21,21,21,21,21,21,62,62,62,62,62,62,62,,,,,,,,,,,,,,,20.4,20.4,20.4,20.4,20.4,20.4,20.4,19.6,19.6,19.6,19.6,19.6,19.6,19.6,,,,,,,,,,,,,,,1,1,3,2,1,3,3,9,8,13,7,7,9,7,,,,,,,,,,,,,,,0.72,0.24,0.78,0.42,0.54,0.6,0.36,0.42,0.6,0.78,0.66,0.84,0.66,0.54,,,,,,,,,,,,,,,1,1,1,1,1,1,1,2,2,2,2,2,2,2,,,,,,,,,,,,,,,60,50,40,30,20,10,0,60,50,40,30,20,10,0,,,,,,,,,,,,,,
gus021e-b1,0,0,0,0,0,0,0,0,0,0,0,3,2,0,,,,,,,,,,,,,,,0.42,0.3,0.48,0.43,0.42,0.42,0.4,0.48,0.6,0.3,0.47,0.42,0.42,0.38,,,,,,,,,,,,,,,0.255634954931886,0.255634954931886,0.255634954931886,0.255634954931886,0.255634954931886,0.255634954931886,0.255634954931886,0.255634954931886,0.255634954931886,0.255634954931886,0.255634954931886,0.255634954931886,0.255634954931886,0.255634954931886,,,,,,,,,,,,,,,2,2,2,2,2,2,2,4,4,4,4,4,4,4,,,,,,,,,,,,,,,10.85,10.85,10.85,10.85,10.85,10.85,10.85,9.15,9.15,9.15,9.15,9.15,9.15,9.15,,,,,,,,,,,,,,,0,0,0,0,0,0,0,0,3,0,2,2,0,1,,,,,,,,,,,,,,,0.42,0.3,0.48,0.42,0.42,0.42,0.42,0.48,0.6,0.3,0.48,0.42,0.42,0.36,,,,,,,,,,,,,,,1,1,1,1,1,1,1,2,2,2,2,2,2,2,,,,,,,,,,,,,,,60,50,40,30,20,10,0,60,50,40,30,20,10,0,,,,,,,,,,,,,,
gus021e-c1,3,2,2,4,0,0,1,2,1,1,1,0,0,0,,,,,,,,,,,,,,,0.42,0.3,0.48,0.43,0.42,0.42,0.4,0.48,0.6,0.3,0.47,0.42,0.42,0.38,,,,,,,,,,,,,,,0.255634954931886,0.255634954931886,0.255634954931886,0.255634954931886,0.255634954931886,0.255634954931886,0.255634954931886,0.255634954931886,0.255634954931886,0.255634954931886,0.255634954931886,0.255634954931886,0.255634954931886,0.255634954931886,,,,,,,,,,,,,,,6,6,6,6,6,6,6,10,10,10,10,10,10,10,,,,,,,,,,,,,,,10.85,10.85,10.85,10.85,10.85,10.85,10.85,9.15,9.15,9.15,9.15,9.15,9.15,9.15,,,,,,,,,,,,,,,0,1,6,2,0,2,0,3,2,0,0,0,1,0,,,,,,,,,,,,,,,0.42,0.3,0.48,0.42,0.42,0.42,0.42,0.48,0.6,0.3,0.48,0.42,0.42,0.36,,,,,,,,,,,,,,,1,1,1,1,1,1,1,2,2,2,2,2,2,2,,,,,,,,,,,,,,,60,50,40,30,20,10,0,60,50,40,30,20,10,0,,,,,,,,,,,,,,
gus025c-a1,71,59,52,71,59,69,56,98,113,66,112,90,57,63,,,,,,,,,,,,,,,2.09,2.38,1.85,1.74,1.67,1.92,1.92,1.99,2.18,1.33,2.16,1.87,2.04,2.04,,,,,,,,,,,,,,,0.266675696231165,0.266675696231165,0.266675696231165,0.266675696231165,0.266675696231165,0.266675696231165,0.266675696231165,0.266675696231165,0.266675696231165,0.266675696231165,0.266675696231165,0.266675696231165,0.266675696231165,0.266675696231165,,,,,,,,,,,,,,,399,399,399,399,399,399,399,440,440,440,440,440,440,440,,,,,,,,,,,,,,,19.03,19.03,19.03,19.03,19.03,19.03,19.03,20.97,20.97,20.97,20.97,20.97,20.97,20.97,,,,,,,,,,,,,,,57,69,57,58,43,77,68,62,64,58,52,60,62,59,,,,,,,,,,,,,,,2.02,2.36,1.79,1.75,1.66,1.94,1.92,2.06,2.2,1.39,2.15,1.88,2.02,2.04,,,,,,,,,,,,,,,1,1,1,1,1,1,1,2,2,2,2,2,2,2,,,,,,,,,,,,,,,60,50,40,30,20,10,0,60,50,40,30,20,10,0,,,,,,,,,,,,,,
gus025c-c1,66,79,61,37,19,20,18,63,42,68,30,49,33,23,,,,,,,,,,,,,,,1.61,2.09,2.1,2.08,1.2,1.56,1.14,1.75,1.69,2.46,1.64,2.22,1.86,1.62,,,,,,,,,,,,,,,0.266675001940719,0.266675001940719,0.266675001940719,0.266675001940719,0.266675001940719,0.266675001940719,0.266675001940719,0.266675001940719,0.266675001940719,0.266675001940719,0.266675001940719,0.266675001940719,0.266675001940719,0.266675001940719,,,,,,,,,,,,,,,325,325,325,325,325,325,325,438,438,438,438,438,438,438,,,,,,,,,,,,,,,19.03,19.03,19.03,19.03,19.03,19.03,19.03,20.97,20.97,20.97,20.97,20.97,20.97,20.97,,,,,,,,,,,,,,,43,24,34,38,16,31,11,41,27,45,35,49,55,34,,,,,,,,,,,,,,,1.64,2.14,2.1,2.06,1.2,1.56,1.14,1.72,1.64,2.46,1.66,2.22,1.86,1.62,,,,,,,,,,,,,,,1,1,1,1,1,1,1,2,2,2,2,2,2,2,,,,,,,,,,,,,,,60,50,40,30,20,10,0,60,50,40,30,20,10,0,,,,,,,,,,,,,,
gus026d-a1,10,11,9,14,14,20,21,14,12,8,26,15,19,20,,,,,,,,,,,,,,,0.82,0.93,0.96,1.14,0.9,1.08,0.96,0.92,0.87,1.08,1.38,0.9,1.26,0.78,,,,,,,,,,,,,,,0.258058637204231,0.258058637204231,0.258058637204231,0.258058637204231,0.258058637204231,0.258058637204231,0.258058637204231,0.258058637204231,0.258058637204231,0.258058637204231,0.258058637204231,0.258058637204231,0.258058637204231,0.258058637204231,,,,,,,,,,,,,,,597,597,597,597,597,597,597,479,479,479,479,479,479,479,,,,,,,,,,,,,,,19.8,19.8,19.8,19.8,19.8,19.8,19.8,20.2,20.2,20.2,20.2,20.2,20.2,20.2,,,,,,,,,,,,,,,11,27,15,20,33,13,13,18,16,22,30,27,32,17,,,,,,,,,,,,,,,0.78,0.96,0.96,1.14,0.85,1.03,0.94,0.96,0.84,1.08,1.38,0.95,1.31,0.8,,,,,,,,,,,,,,,1,1,1,1,1,1,1,2,2,2,2,2,2,2,,,,,,,,,,,,,,,60,50,40,30,20,10,0,60,50,40,30,20,10,0,,,,,,,,,,,,,,
gus027b-a1,85,64,30,54,65,53,30,62,47,65,63,58,43,32,,,,,,,,,,,,,,,1.02,0.85,0.42,0.66,0.96,0.96,0.77,0.66,0.41,0.6,0.6,0.6,0.84,0.85,,,,,,,,,,,,,,,0.256543387127358,0.256543387127358,0.256543387127358,0.256543387127358,0.256543387127358,0.256543387127358,0.256543387127358,0.256543387127358,0.256543387127358,0.256543387127358,0.256543387127358,0.256543387127358,0.256543387127358,0.256543387127358,,,,,,,,,,,,,,,387,387,387,387,387,387,387,342,342,342,342,342,342,342,,,,,,,,,,,,,,,20.07,20.07,20.07,20.07,20.07,20.07,20.07,19.93,19.93,19.93,19.93,19.93,19.93,19.93,,,,,,,,,,,,,,,32,19,13,23,32,34,27,28,23,25,23,23,48,42,,,,,,,,,,,,,,,0.97,0.82,0.42,0.66,0.94,0.9,0.78,0.71,0.44,0.6,0.6,0.62,0.9,0.84,,,,,,,,,,,,,,,1,1,1,1,1,1,1,2,2,2,2,2,2,2,,,,,,,,,,,,,,,60,50,40,30,20,10,0,60,50,40,30,20,10,0,,,,,,,,,,,,,,
gus028f-c1,30,23,26,32,20,27,22,22,36,20,29,19,20,18,,,,,,,,,,,,,,,0.94,0.62,0.86,0.72,0.81,1.08,0.96,0.74,1.06,0.64,0.96,0.93,1.14,1.08,,,,,,,,,,,,,,,0.407829856330631,0.407829856330631,0.407829856330631,0.407829856330631,0.407829856330631,0.407829856330631,0.407829856330631,0.407829856330631,0.407829856330631,0.407829856330631,0.407829856330631,0.407829856330631,0.407829856330631,0.407829856330631,,,,,,,,,,,,,,,498,498,498,498,498,498,498,384,384,384,384,384,384,384,,,,,,,,,,,,,,,21.47,21.47,21.47,21.47,21.47,21.47,21.47,18.53,18.53,18.53,18.53,18.53,18.53,18.53,,,,,,,,,,,,,,,22,22,35,18,18,19,22,23,28,10,17,30,22,30,,,,,,,,,,,,,,,0.9,0.6,0.84,0.77,0.78,1.11,0.9,0.78,1.08,0.66,0.91,0.96,1.11,1.14,,,,,,,,,,,,,,,1,1,1,1,1,1,1,2,2,2,2,2,2,2,,,,,,,,,,,,,,,60,50,40,30,20,10,0,60,50,40,30,20,10,0,,,,,,,,,,,,,,
